identifier,sequence,label,set
Q2S1Q5,MPTFLNGDITTPGHLVDPDPRESFADIPEVWDYPDFLDVQLKTFHDFVQDDVPPADREDVGLQAVFNEHFPIKDNRDRYTLEFVNYELDAPKHTVEECIAQGLTYSIPLKATLRLTSKEEEGGEEAIEAIEQEVYLGTLPFMTDRGTFIVNGAERVIVSQLHRSPGAFFEKEIHSNGTELFSARVIPFRGSWMEFSTDVRDVLWAYVDRKKKVPVTTLLRALGFSSDEEIVKMFDLADAVDIGDEDEFEEHLGRELATSVTIEKTIEIVDEDTGEVVDEEMEREVLLPAEHELEEGDWEELDEYDVSRLYLVREDVEDEALDKSTLVETLQKDSSHTEEEALEVIYEKLRGSEAPDLDSAREALERLFFNEDRYDLGDVGRHRMNARLDVDVDTDEKVLTKEDVVGIVRELIRLQNGESTADDIDHLSNRRVKSVGEQLGSQFSLGLARMARTIKERMNLRDADKFTPKDLVNARTIESVINTFFGTNQLSQFMDQTNALAEMTHKRRMSALGPGGLTRERAGFEVRDVHHTHYGRLCPIETPEGPNIGLMLSLCVHSTINDFGFLETPYRVVEDGRVTDRVEYLSAEEEDQATVAQANAPIGDDGHFERDEVRCRHQGDFPIVEPEEVDYMDVAPNQIVSPSASLVPFLSHNDANRALMGSNMQRQGVPLLRSDSPIVGTGLEGRVAKDSRSCVVAEGEGVVEYVDAERLVVRYDEEQDKTDLTFGEPVQEYELTKFRRTNQGTCMNQKPIVQAGDRVEEGEVLTDGFAMEKGELALGKNVLCAFMPWHGYNYEDAIVISERLVADDVYTSVHIEEFEHEVRDTKRGEEELTREIPNVSEEATKDLDERGIVRVGAEITPGDIIVGKITPKGETDPTPEEKLLRAIFGDKAGDVKDASLKAKPGMEGGVVIDTRLFSRRELDPASKKMEEKRLENIESDHERKLADLNERFWEKFFALVEDATSAGLEDREGEVLLTEGADFEEDAFDEVDPSDLSTRAEFTEDEELNDQISTLLRNYKSRRRDIEGTTKRQKHQVEMGDELPSGVVQMAKVYVARKKKIEVGDKMAGRHGNKGVIAKIAPVEDMPFLDDGTPVDLVLNPLGVPSRMNLGQIYETLLGWAGDRLGVKYATPIFDGASLEDVGDELEKAGLPRDGKVQLYDGRTGEPFDEKTTVGQIYMMKLEHLVEDKMHARSIGPYSLITQQPLGGKAQFGGQRLGEMEVWALYAYGASNTLQEMLTFKSDDVEGRSEAYESIVKGENLPSPGVPESFNVLVRELQGLGLEVTLD,1,train
Q2RYT3,MDVSYNWLNEYVDHDWSPKELAERLTMAGLEVETVRPLGQSLDGVVVGKVTAVREHPNADRLVLCDVDLGDGAPSQIACGAPNVAAGQKVPVATVGTTLSRPDPDDPEALQELTVEARELRGEASNGMICAEDELGLSDDHAGIMVLDDDTPVGTPFPEYLDAHGMPSTDAVLDIELTPNRPDAASHLGVARDVSALADSELRTPTVDTPSPGGPVAEEITVDLRDEAGCPRYVALLVRGVDVTESPLWLRRRLTAIGLQPRNHVVDVTNFVLHECGQPLHAFDLDAIADDTIVVRRTDDETPFTTLDGEERDLPEDTLLICDAEAPVAVAGVMGGANSEVSADTTDVLIESAYFDPSTIRRTAKALDLQTDSSYRFERGVDRDGQVWAAARAAELIAKLGGGTVVPGLVDEHPSPPAEKTIALRPDRLTQVLGTEVPTDEGTRLLGAIGFDVEAGEDALHCTVPTWRPDVSIEEDLIEEVARLHGYDQIPEPERVPVPSRTPEQPPEETLERQARQLLKGLGYREIYTNSMLRTDRAERFNVPPAGSDRAPVVETKNPISEEMAALRPRLLPGALEVMQHNRNHGQEALRVFEFGRVFRRAAEPDDPIVPGYSEHPALLVALSGPHAPTGWDTEPRSADIFDLKGTVETLLDDLRVPALQVRPRDAGATDEAPPVTQHHIDVAAGDTPLGTVARVRDDVAADFDLDTPVFVAEFHWAALVDSATAEQHRDYEPVSRFPVVDRDLAVLVPADQPVGPLQRAIREAGAPLLRRVDVFDTYAGEGIDEDTKSVAFTLRFGADRTLTDEEVDARLDAIVERLAENHGARLRQQ,1,train
Q2RZ77,MPDTLPQPPEVDRDLALDHGLTDDEYDEILDRLGRTPTFTELGIYSVMWSEHCSYKNSTALLKTLPTEGDQLLAEVGEENAGLVDVGDGKAVAFKIESHNHPSAVEPYEGAATGVGGIHRDIFTMGARPICALDSLRFGSLEESRVRYLFDGVVRGIGDYGNSFGVPTVGGEVYFEDAYEGNPLVNAMSVGVVDTDQTARAAAETPGHHVILVGAATGRDGIHGATFASAEIDEDSEEDRPSVQVGDPFTEKLLLEATLEAIREGVVGSIQDMGAAGITSSAFEMSASGGTGMDLHLDRVPTRETGMTPYEIMLSESQERMLVVCEPGDEEALAEIYGKWDLNAQRIGTVTDTGRVRAYWDDEEVATLDPAHVAGDDVPVYERDTERPAYLEETRAFNTDDVPDLAPAEVEDTLTTLLGSPNIASKRWVHEQYDTMVRTNTVVGPGASDAAVVRLKGTGKGLAVKTDCNGRYVYLNPRRGAQIAVAEAARNVTCAGGTPVALTNCCNFGNPHNPEAYWAFAKAVEGMGDAGRALDTPVTGGNVSLYNEHPEGAIFPTPTIGMLGVVDDIDTQPTAAALQNEGDALFLLTPRDWCHPERTDGSEYLSTVHDRTAGDAPHLDLDEEVAVQSATQALIREGLVQHAHDVSDGGLAVCLAESVIHSDGLGLEATLPAADRLDAALFGEAQSRVVVSVRPDDALALDAALTDHNGVRARRLGAVTTGPLRLTVGDEPVLDASPAALTAPYEAALPDAVT,1,train
Q2S1P1,MKPEAHIEDIEFVPDRSLSLETGRIAKQADGSVVARLGDTMVLSTATLSDSVNESNFFPLTVDYREKFAAGGKVPGGFIKREGRPTDKETLTSRLIDRAIRPLFPDGFYHDVHVVNFVISAGQDFDADVIAGVGSSAALMLSGAPFAGPFAEVRVGRVDGDYIVNPTMQQTEESDIDLVVAGKEDALVMVEGEAEEISEESMIEALDVAHRSIRRLCEGQHRLVEQAGEPDPFEWEADRVPEQLVQRMREEYGPKVADHIHGPYSKETFHGGIGDLKDQAVDDVLGDASETPEGYTASDIRDAIGEVEKGEMRNMIVEEGKRIDGRDQTDVRDLWMEVGYLPRVHGSAIFTRGETQVLGSITLGTSDDVQPVDEVFADTDKSFYLHYRFPPFSVGEASYLRGPKRREIGHSMLAERALRPVIPEQDEFPYTIRINADVMESNGSSSMASVCAGSLALMDAGVPIEKPVAGIAMGLVQEDDETTVLTDILGQEDHLGDMDFKLTGTRDGITACQMDMKIEGLSRDVMLKALKQSRDARHHILDRMEETIAEPRAELSSHAPRLTKLTIDPDRIGAVIGPGGKVVKSVQEETNTEITVEEEEGVGIVTIAATNQRDAEAAIERIKQIVAVPEEGEDYVGTVKGIRDFGAFVEIMPEKTGLLHVSEIDYDYVENVEDYLEVGDKVKVHLLEVHDDGKMRLTRKPFVSEENGEQNE,1,train
Q2S2A3,MADPTSSERLLVTAALPYANGPIHIGHLAGAYLPADLFVRYQRLKGEDVAFICGSDEMGVAILMRAIREDRTPEDIIDTYHPQIRDNFERFGMSFDYYGRTSSETHTETTQDFFRVLDENGGFDLKTDEQLYDPEAEMFLADRFVIGTCPVCGFEEAYGDQCEQCGSSLSPTELENPQSTLTDATPEFKETTHWYLPLGELQPQLEEWIGSHPEWKNNVVGQIQSWFDEGLKGRAITRDVLWGVPVPDDVAERHGLEAEGKVIYVWFDAPIGYISATKEWAAEQGEPDAWTDYWQDEDTRLVHFIGKDNIVFHCLMFPSMLMEHGDYVLPDNVPANEFLNLEGEKLSTSRGWAVWLHEYLDDFADERHAPDLLRYALATTLPETKDADFSWEGFQQRVNGELANVFGNFVHRTLTFAQRYFDGTVPPLEDPSEADRVMLDRMAEVPDTVGAAYEEHRTRDAVFETMALARRGNKYFNDTEPWHTHESDPQACANTIHVSLQVCAALSILFEPVLPSAAATLRERIGLENVRTSTPDDDPAGAVGWEDAGAPLLPAGHPIPSGPDPEPLFQKIDDDTIEAQIEKLRDRAAERDTDPSSTTDMDYEALSDNISFDDFTQLDLRAGTVTTAEPVPDADKLLRLEVDLGFEERQILAGVAEQMAPDDVVGLEVVVVANMAPKEMFGFESQGMVLMAEEPDGTFVPVTTEAEDGSVVR,1,train
Q2S3R7,MATQTNESFPLEKTRNIGIMAHIDAGKTTLTERILFYTGRLHRMGEVHEGAATMDFMEQEKERGITITSAATTCYWDDHRVNIIDTPGHVDFTVEVERSLRVLDGAIALFCAVGGVEPQSETVWRQAEKYDVPRIGFVNKMDRTGADFENVLEMMEDRLSANPVPVQYPIGAGDMFRGVIDLIEGKAIIYDDESQGMQWDVREIPDDLESKAEHWRINLLESVAEYDDELLMKYLDEDQEVEPEELHTVIRKATLNRDMTPMFCGSALKNTGVQRVLDGVTNYLPSPNDVPAITGHHPQDKEEDITRHPREDEPFSAVAFKITTDPYVGKLTFVRVYSGTLESGSRVYSPTRDEDERIGRMMFMHADSREDVDVIRAGDIAAVVGPKNLKTGDTICDPDHPVVLESMDFPEPVIRIAVEPRTKADRDKLTNGLTKLAEEDPTFNVRTDEETGQTIIAGMGELHLEIIIDRLKQEFKVEANVGQPQVAYREALTDMIDEHYVLKKQSGGRGQFAEVYMDVGPIPEEEEEESGLVFENEIKGGVIPKEFIPSVERGIESAMEDGPLAGYPIEGVWVRLYDGDHHEVDSDQNAFEIAGRLGFREAARHANPVLMEPVMEVEVVTPDDYMGDIIGDLNGRRGQIGQMGQRNDAQVINAEVPLSEMFGYSTDLRSLSQGRAIYTMQFGSYEPVPEEVASEIMDEQTMSATA,1,train
Q2S459,MPDVDPTPDLDLEAIDSEPAAAEAAEQLRAALRHHNYRYYVLDAPVVSDAEYDRLFQQLQTLEAEYPVLQTPDSPTHQVGGPVRDELGTVTHPAPMLSLKAVYEEDEVRNFAETCREELGRETVTYIAEPKFDGLAVELIYEDGRLVQGATRGDGETGEEITANVKTIKGVPLRLRDDARPVPDRLVVRGEAYMRKDEFNAFNRRREEEGKKVFANPRNAAAGSLRQLDSNITARRPLRIYFYEIAPVDGRDFATHAEVLEALPEWGLRVCEDHIRRCDGIDAALAHHAALVDRRDDLPYEIDGLVIKVNDFDGHETLGVRDRDPRWAAAYKFPPRRATTSIEDLFVQVGRTGRITPVAVLAPVEVGGVEVTRASLHNQNEIDRKDIRIGDTVLIERAGDVIPQVVKVIEDERDGTEAPYHIPDACPVCGSEVVLSDDKKQAFCTGGMTCPAQFRERLKHYASREATDIEGLGDKRAEQLIDAGLIQTISDLYELEKADLLQLERYADKSAQNLIDEIEASLEQDLDRFLYALGIPLVGSATARLLAQHFDTLDALVDADEDALTTIDDIGPEVAHSIATFFADDANRGVIDEMRDAGLTLTNPYAEDAARLEGLTFVFTGSLEGWTRSAVQRFVEQHGANATSSVSGNTDYVVAGPGAGSKRDDADDRGIPVLDEDAFHALLREQGIDA,1,train
Q2S307,MGKVIGIDLGTTNSVVAVMEGDDPEVIENAEGSRTTPSVVAYKDDGERLVGAPAKRQAITNPENTVSSIKRFMGRFYDEVEDEIEEVPYEVVRGENDTARVQIGDRKYTPQEISAVVLQKLKQTAEDYLGQEVTDAVITVPAYFNDAQRKATQEAGEIAGLNVQRIINEPTAASLAYGLDDESDQVVAVYDLGGGTFDVSILELGDGVFEVNATYGDTHLGGDNFDKRLIDHIADEFEQDTGIDLRDDPMALQRLKEAAEEAKIELSSAKTTTINLPFITATDEGPQHLNMDLNRATFENLIEDLVEKTVPQMEKALDDAGHSKSDVDEVILVGGSTRVPLVQETVEDFFGKQANKSVNPDEVVSLGAAVQGGVLSGDVDDVLLLDVTPLNLGIETLGGVMTTLIEANTTIPTKESEVFSTAADNQTSVEVHVLQGDREMAKDNRTLGRFHLDGIPPAPRGTPQIEVTFDINADGILNVSAEDKDTGKEQSIRVEANSGLSDEEIEKMKEEAEQHAEEDERRKERADTINEANSMAYSVEQGLEEYGDKIPEDKRSTLQEALDALNEELETASADEDITALEDALEELNAAWSAAGEEIREAQQQQAQQGAAAGAGAGAAGAGAAAGAEGPAGGPTGGPASGNGAADSDEEDVQDADYEVVDEGDDE,1,train
Q2S6G8,MHQDYFEHDVIVVGGGHSGSEAAAAAANMGADTLLITMKLADIGQMSCNPAIGGIGKGHIAREIDALGGIMGKATDRAGIQFRMLNKSKGPAVWGPRAQCGRRAYARAIRQELEAIDNLKMRSDMVKEILTDDAGETVTGVRTNLGKEFRAPCVVLTTGTFSNGVIHVGEQNFGGGRIGESASHGITGCLHDLGFESGRLKTGTPPRVDGRSIDYSVMEKQPGDPDATAFSFLTDDLPSVEAQLSCWLTDTTPETHEVLRTGFDRSPMFTGALDADGPRYCPSIEDKIDRFSEKDHHQLFIEPEGRDTHEVYVNGFSSSLPEEVQFEALRTVPGMEEAHMHRPGYAIEYDFFPPYQIEYSLETKYVDGLFFAGQINGTTGYEEAAAQGIMAGINAVQKLRQADPIVLKRSEAYIGVLIDDLVAKGTDEPYRMFTSRAEHRILLRQDNADQRLTELGHKLGLASKERLDRTREKERAIDVTRETLSDTTVSPQQVDDYLQSVGTSTLNQPRPVIELCKRPEVDSEDLLRHAGLYDEVVTEAPGMLSAPRLIEIDLKYEGYIDRQKDMVEEMEEKERWPIPDDFDYHALDNISIEARQKLSKVEPDNLGQASRVPGVRASDISVLMVLLKNEGVEPMPKDRDLNLDAMGGDGQSFGVSRETAVEVG,1,train
Q2S280,MSEVLDDKPEVLVQKLDALPTDPGVYKFLDDEESVLYVGKAKNLRNRVRTYFQQSRQRDGRIEVMVQKAVDVDIIVTDTEAEALILENNQIKELQPRYNVNLRDDKTYPYICIKNERFPRVFKTRTVKQDGSEYFGPYADVSKMNSMMDAIRSVFQLRTCSLDLTEEKIEAGKYDVCLQHHIDNCKAPCVGKQSEADYMETIEQVKKLLNGQTQELMDLLKDEMQRQSDAHNFEEAARLRDQVKALKDYSQQQKVVSQDFADRDVFALHVERDEDIGCGVLFQVREGKMIGKRHKFLRSVEERSDAELILSLVENYYAEANFYPEEVLLSHDPNDHPAQDTHALEELLRQEQGHQVPIKVPQRGEKASLVRMATSNAKLQVGEWKTQQMKRERNRIPESIKALGEALNMEAPPRRVDGIDVSHHGGKETVASCVVFTDATPRKSDYRTYKIRSTEEGTPDDYKAMREVVRRRYRRMVEEDGPWPDLVVIDGGKGQLSSAVEMLKEVGAFDRFPVIGLAKRLEEVYRPGDSDPVFLAKDSPALQLLQKVRDEAHRFAVTYQRKRRKKKTLQSELLDIHGIGPKTAKKLLGEFGSAAKVKEADEEALAEVVGPAKAETITDYYDETEAPAPAETE,1,train
Q2S158,MERSSRADLISEDSHPARTHTCGDLRAEDNGEAVVLKGWVDTRRDHGGLVFVDLRDRYGLTQVVFSPQDNQTAYEVAGQLRREDVISVQGTVRPRGEEAVNPDLPTGAIEVSADDLAVLNTSETPPFVVSAHEERQMNTNEDLRLAHRYLDLRRPDLQENIELRHRLYQTTHRYFDAHDFLEVETPVLMKSTPEGARDFLVPSRLHPGRFYALPQSPQTYKQLLMVGGLDRYVQIVKCFRDEDLRADRQPEFTQIDVEMTFATEEQVYELTEGLMADLWDTLEDTTLETPFPRMTYDEALRTYGTDKPDLRFDLELHDVSDCFAGSGFRVFDSIVDDGGHIVALRVPGEGDRGRAAMDRLEDHVTDEIGAAGLIYFQLPSDGSGIEQNLSSDALPHEYGRAAAEQVGAEAGDLVLTLAGHSPTVFEQAGALRLHMGEELGLRPPADEGDDAFLWVTDFPLMEYDEEAGRPVSMHHPFTAPHPDDLDRLDEDPTQVQARAYDLVLNGNEIGGGSIRIHNHETQMQVFDVLGIDEEEAQDRFGFLLDALRYGAPPHGGIALGLDRLVMLLAGADSLRDVIAFPKTQSGKEPMVKSPDWVDPEQLETLALRLDLPPDVEPPARIAQRKRLAS,1,train
Q2S538,MQTKYIFVTGGVTSSLGKGIFSASLGRLLSDRGLDVTIQKFDPYINVDPGTMNPYEHGEVYVTNDGAETDLDLGHYERFLDQPTSQANNVTTGRVYMEVISKEREGAYLGKTVQVVPHIIDEIKHWMLKLGETGDYDVVITEIGGTVGDIEGQPYLEAIRQLRNELGPRNTMIAHLTLIPHLRAAGELKTKPTQHSVKELLAHGLQPDTIVCRSERSITAEVRRKISLFCNVEEEAVIQMLDAESIYEVPLLLRDEGTGELVVDRFYPKRGDENEKCSDTPDLSDWIGFLKRLKNPEETIPIALVGKYVEHQDAYKSITESFILAGVPDEVQVEVKYVPSEDLSPDTVESQLGDVAGVLVAPGFGDRGVEGKILAAQYAREHDVPFFGICLGLQCAIVEFARHVCGWDGAHSTEFDEDTAYPVIDLMEEQKEISDKGGTMRLGQYDCRIQDGSRAHEIYEADMVQERHRHRYEVNNVLRYKLLEEGMRFSGVNPDTDLVEIMELPDKRWFLGVQFHPEYRTTVGDPHPLFRSFVRACTAYAHEEDLVTSPQPPERKAVPLASVDM,1,train
Q2S2V6,MAHQSWSVLDAPNPTYLWTQLLVEELVRNGVHTFFVAPGSRSTPLTVAIARHPEAESVLHVDERGAAFAALGVGRAARGPAAWVTTSGTAVANGLPAAVEASVDGVPMLLLTADRPPELRDTGANQTIDQVKIFGDYVRWQADVPPPSDEVDPAYVLTTADQALHQTLRAPAGPVHVNCMFRKPLEPVETEASVAVPTAVDAWARGTEPYTHYPTPAPSPPGPEVDALAETVRGTEHGLVVAGRLDSAAAADATRRLATHLGWPLIPDLTSRLRRGGREQPEQVPYGDLVLTSAAFREGHPPRAVLQVGGRFASKRLRLFLRDSAPEVWAVVRPDPSRIDPDHRVTHHVEAAVPAAVDALVARLEEGPRGTTWRDDWAGASERVGAVVQAHVQESDALTDPLVAALLTEEMPSEHALVAASSMPVRDLNRHAAPGGTGGPAFANRGASGIDGTVATAAGIAEGRDGPVTLLIGDLALQHDLNGLALLQDRPVVAIVVNNDGGGIFHFLPIRKHDEFDPYFTTPHGHDFEHAAALFDLPYHRPDSPSALRSAYAQACRSGESALIEVRTDRATNRQVHDRLEASVERAVEEG,1,train
Q2S5Z8,MSKNPPDLSGGEVKAKQIRFDSDARSALQEGVDQMAEAVKVTLGPKGRNVVLEKSFGAPTITKDGVTVAKEIELEERLPNIGAQVLKEAASKTNDDAGDGTTTATVLAQSVINAGMKSVTSGANPMDVKRGITAAAEEVVTHLRNQSDPVEGKDRISQVATISANNDDAIGDLIADAFERVGQDGVITVEEARGIETYLDVVEGMQFDRGYLSPYFVTDSEEMEAVLEDAYILIYDDEVGNMQDLLPILEKVSQTSNPLLIIAEDVEGEALATLVVNKMRGTLKVSAVKAPGFGDRRQSMLEDIAVLTGGTVISEEKGYRLENATLDYLGQADRVTIDQDNTTIVGGEGSEEEIEARVNQIRQQIANSTSDYDQEKLQERLAKLAGGVAVLNVGAATEPEMKAQKALVEDALSATRAAVDEGVLPGGGVAYLRALESIEEVEVENEDQEIGVSIVREALEAPLRQIAENTGHEGSIVVQKVKDGEGDFGFNARTEEYGDLLDQGVLDPTKVTRSALENAASVGGMLLTTEAVIADLEDEDDDDGGGGGGGGMPAGGAGGMGGMGGMGGMM,1,train
Q2S0P5,MPSPTERAAHRTPPAALGAFPDLFVDYCTDFDAVADFYPGDWQSRPARRAAATAAAKRPADREVLADTLLDQNERWGLDERTRSHIETLRDPDSIAVVTGQQVGLFTGPLYTIYKTITTLQLIEEWADQTGRPVVPVFWVEGEDHDFEEIAAAHVLQHNEVVPLSYEPGVDDNPGAVGRLALTDGIQDVVDRLDEALPPSDFKPAVMEQVRAAYQPGTRLEDAFARLMRSLFEDDGLVFMNPDDARLKALTRPLFRRDIEDPRASVAPVNAAGRALRDRGYHAQVNAHPTNLFWLGDDGRWAIDLEDENAFRLRGTDRTFSRSDLLNRLDETPERFSPNVVLRPLMQDHLLPTAAYVAGPGEVSYFAQYGGVYDWAGLDMPLIHPRASVSLVEGKVQKVLDKYGLTVADFRDGLEPLFQDVVVDTMEVDVDALFSEALPQLHQTLNALKPEVEAVDRTLGASTEATRSAIMDEMEALKQKVVRAEKRQQDEVRAQLKKAHTNLRPDGTLQERTINVLYYLNKYSPALLDDLRHALRTDTSAHQVVGV,1,train
Q2S3W3,MKDYLRTQIRRVLDALGDVPDDFEIELEAPDRPEHGDLATNTALRLASVLGDNPRSIAETLAERLRERVDPARIKSVEVAGPGFVNFRFAQDYLFDGLADLLAQGDTFGQTDAGAGERALVEYVSANPTGPLNVGHGRNAVLGDTIANLLAWTGYDVTREYYYNDAGRQMRVLAQSVRARYEALAGNVPTTTLTLDDDTTVEVPETFPEDGYLGQYIVEIAQALYDEHGDALCATDDLAPFRAAAETAIFGDIEATLRALNIDMDGYANEQALHDEGRVDAVLDGLADAGYTYEEDGALWFKTTEFGTEDDTVLVKQTGEPTYRTPDIAYHTAKFERGFDLMVDVFGADHHAAYPDVLSALDVLGYDTDRVDVILYQFVTLVRGDEPVKMSTRRANYVTLDDLIEQVGADVTRFFFLMRSPDTHLNFDLELAEEESEKNPVFYLQYAHARICSVLDKAEEVGFSHDEDADLALLTHEDEIALIKELLRFPRELQNAADARAPHFVPNYLRDVATAFSQFYDNCRIIGEEQELASARMRLALAAKTVLKNGLTVLGISAPRQM,1,train
Q2S432,MSNGSIRPDEVTDILRRELGDFETEAEEYEAGTVLEAGDGIATLYGLSNAQASELVEFPEQDVEGMVLNLEEDNVGVILFGDVDAVSEGDEARRTGRIASVGVNENMLGRVIDPLGRPLDGKGPIEGEKTVLPLERKAPGVIYREPVEEPLQTGIKAIDSMIPVGRGQRELVIGDRQTGKTAVLTDTIINQKKTHQEGTDSGDPVYCVYVAVGQKDSTVAQVQRDLERNGALEHTVIVNASASMPTPLQYVAPFAGACIGEYFRDTGRDSLVCFDDLSKQAVAYRELSLLLRRPPGREAYPGDIFYLHSRLLERAAKIISDEEVATQMNGLPDALQDKVQGGGSLTALPVIETQAGDVSAYIPTNVISITDGQIYLETDLFNSGIRPAIDVGNSVSRVGGSAQIDAMKDVASTLRIDLSQYRELEAFAKFGSDLDPSTQQQLNRGERLVEILNQDQFSPVPVEEQVAIIYAAINGHLDDVPVDDIEDFEEEYLERLRLRHEDVLTEIRETEELTDAAEEVFEEVAADMADVYAEDEEEEEEDVLADEGATA,1,train
Q2S0V0,MHDKIVVLDFGSQYTQLIARRVRETGVYSEIRPCTVEADAIDALNPSGVILSGGPCSVYDEAGPALDPALLELERPDGTPVPLLGICYGLQAMAHQFGGEVARADRREFGRAQLQVPPDGQEKSLLFEGVPSGSTVWMSHSDHLTDLPDGYEVIARTDNAPVAAVRDTDGPYYGVQFHPEVVHTDYGRQILENFAHAICGCSGDWTPASFVEEQTETIRDRVGDRHVILGLSGGVDSSVAAALLQRALGDQLHCIFVNNGLLRKGEWNQVQDTFRGHFEMDLRTTDATDRFLERLDGVTDPEEKRTIVGNTFIEVFEEQTEAIAADLGHRPTYLAQGTLYPDLIESVSFKGPSVTIKTHHNVGGLPEELDFDLIEPFRELFKDEVREIGRLLDVPDPIVGRHPFPGPGLAIRILGQITRERLALLREADAIFIEELRANDLYDEVWQAFAVLLPVQAVGVMGDERTYENVCALRAVTSVDGMTADWAHLPHDFLGHVSNRIVNEVPGINRIVYDVSSKPPATIEWE,1,train
Q2S3T5,MPSPTFRLYNTLTHETEPVEPIEEEHLRFYSCGPTVYMYAHIGNFRSFLTADLIRRTAEAIGWDVTNVSNITDVGHLTQDDLVDPGGEDKMQRALEREGERFANIYDLARHYTEAFLEDWGALNLREPEVRPRATEHVTDQLEAVIELVEKEHAYTTDQGVYFSVESVEDYGHLSGNTEAQQLQATERDVVEDPDKRDPRDFALWKHDPQHLMHWHSPWGWGYPGWHIECSVMGMQYLGDRFDLHTGGEDLIFPHHECEIAQNQSLAGHQVVNYWVHTRFLQVEGEKMSKSKGNFYTVRDLIAPGPDDDHVPDSVREQGGVDPLALRYALMQGQYRKPFNFTLDTLHTAARHVRRYQDAAERVDAALAADADGPDELGGRLRPIYDRTLEAMCDDLNTPAATAAALDGVKAIEQTDRLNGATARSARNWLDRTNALLGVVEPEHEADQRTDAGSENGLAPAHLSDSIDTLLEDREAARADGEYARADAIRDTLEALGIEVMDTPDGTEWERREQVG,1,train
Q2S1B9,MAYERYEPVIGLEVHVQLQTNAKIFSPDAAAFGAAPNTQVDPISLGHPGTLPVLNETVVKHALRLGVATHCSIADRSAFARKHYFYPDLPKGYQISQYDTPICYDGYLEVFPGEEEDASPSAPDSRRVGLTRIHMEEDAGKSVHASAGGTTRLDNNRCGVPLLEMVTEPDLRSPREASLFLQRLRQLVRYLGISDGNMEEGSLRCDANVSVRPQGREAFGTRTELKNMNSMRHVEQALDYEIARQIAAEERGESITQQTLLWDADAGTTRPMRSKEEAHDYRYLPDPDLVEVRIEDATVDEVRANLPELPRARRRRFVEEVGLPAYDAGVLTEERAVADYFEEALRHLYKRTKGGDTDAQAKAVSNFIMTEVMRVLNERDLSVSELGVGPERLAQLVFLRLQDKVSSNGAQEVFEAMLDAPDKSAGRIADERDLIQVTDRGAIAPVVEDVLNDNPDKVNTYLGGKDGLLGFFIGQVMQRFDGSPNPELVRSLLREKLDARRDTANVDE,1,train
Q2S1L8,MASDAPVRVRFAPSPTGRLHIGGLRTALYNYLFARKHDGDFVLRIEDTDQARYEPGAEDDIREALAWTGLEHDEGPEQGGDYAPYRQSERSEHYHEYAQKLVEAGRAYYAFDTEEELEELREEHGAYDGSTRRQMRNSLTLSDEKVEQRIDEGDDYVIRLKVPRQESVQVEDEIRGTVSFDTSEIDDQVLVKSDGMPTYHLANIVDDHLMNISHVIRGEEWLSSTPKHVLMYDALGWEPPAFAHLPLILSPNGGKLSKRDANELGIPVYVMDYREAGYEPEALLNFLALLGWSPGTEEELFALDEMVETFSLDRVGASGVQFDLDKLRWVNEHYVRALSVDALAEKARPHVEAAGYDVSDDRLQTICGLVQDRIQVVPEVVTDNRYFFEDPEAYEEAGVEKRWNEESADLLLAYADRLEGVDAFDTDTVETELRDLADEKDVGAGAIIHPSRLAVSGRSYGPGVFGLLAAVGKEACIRRMHRAVEALG,1,train
Q2RZV3,MEVGSNEVKGKIVEVLGPVVDAEFPRDGVPDILDALRIEREDSRDLILEVQQHLGERRVRAIAMDSTDGLQRGQAIAATNQPISVPIGEEIRGRLFNVVGQPIDGLPEPDVDERRAIHQDPPEYNELTGSQEVLETGIKVMDLIQPVPKGGKVGLFGGAGVGKTVLIMELINNIAKAHEGLSVFSGVGERTREGNDLLREMIEAGVMTYGEEFRESMESGGWDLDKVDFDEMNSESNISLVFGQMNEPPGARARVGLTGLTIAEYFRDLGGRDVLFFLDNIFRFVQAGQEMSALMGRMPSAVGYQPTLASEMGDLQERITSTQEGSITSFQAVYVPADDLTDPAPATTFAHLDCTTVLSRQLSTQGIYPAIDPLDSTSQMLNERALGTEHYETAQDVKEILQRYEELQDIIAILGMDELSDEDKQAVNRARRVQRFLSQPFFVAEQFTGQPGKYVPIEETIRGFRMILDGELDHLPERAFLLKGTIDEVIEAGEEMAEEA,1,train
Q2RZJ2,MADAVTPRDEDYSQWYQDVVRNGQLAENSPARGCMIIKPNGMALWENMRDQLDQMFKDTGHQNYYFPLFIPERYMEREAEHVEGFAKECAVVTHSRLTQDEEGDLVPDPESELGENYIVRPTSETIIWDTYSKWIQSYRDLPLLYNQWANVVRWEMRPRLFLRTAEFLWQEGHTAHATETEAVEEAERMLDVYTTFAEEYMAMPVLQGRKTESERFPGAVDTYCIEAMMQDGKALQAGTSHFLGQNFAKAFDCTFTNEDNEEEYVWATSWGVSTRLIGGLIMTHSDDQGLVLPPKLAPHQVVIVPLFFDDDQEGPVMETCERLQERLEDHGIRVKMDQNHTQSPGWRFSEHELRGVPLRLAIGPRDLENDNVEMARRDTQEKEVVPQDGIAERVSDTLDDIQHALHERAQDRQADNTRVVEDYDAFREVIGRGGFAWAHWDGTPETEARIQEETSATIRLIPFDREDHEEGEDMLTGEPSEGRVLFAQAY,1,train
Q2S527,MAELRTQPALGRIRQVHMVGIGGIGMSSIAEVLLNRGYDVTGSDLERSDVTERLEAEGATIHEGHAAEQVGTADVVVYSSAVDPDENPETREAERRRISLIPRAEMLGELIRMKFGVGVAGTHGKTTTTSMAGLVVAEGGFDPTVIVGGKVTAFGSNAITGEGDVLVIEADEYDRTFLRLTPSLAVITSIEEDHLDVYEDLAAIQASFTQYANSVPFFGAAILCLDDPNVQAIVGDVERRVVTYGTTRQAEVRGENVRREGMTTRFDVVVRGERLGTIELHVPGMHNVRNALAAVAVGQELEISFERVRDGLGTFTGVRRRFEKKGEVGGITVLDDYAHHPTEIEATLDAAHQGFPDRRVVAVFQPHMYSRTQNFMDEFACSFFNADMLVLTDVYGAREAPIEGVTGGRLAERAEQFGHRAVHYVPEKTDLPGRLQELVGPGDVVLMLGAGDIWRASEAFVELLENDGGTAIERD,1,train
Q2S6H2,MSQSDTIAAIATARGRAALAVVRTSGPAAIEIVDRCFRGDALTDADSHTAHVGVLTDEAGTDIDQVVATVFRAPNSATGEHVVEVSCHGGDLAPKMALQSLLDHGARMAEPGEFTERAFLNGKMDLAQAEAVADLIDATSTKAHQASLTHLKGRYSDLLGDLREELLNLCSLVELEIDFSDEDVEFADRERLEDLLDETEEILGDLLDTYPTGEKLKDGVQVVIGGRPNAGKSTLLNALVGHDRAIVSETPGTTRDEIEAEAEIEGVLFRFVDTAGLRDTADEIEAEGVRRATESIEEADVLFYLYDLTVGLDSQEIAFLQDLADDGSDVQPVVIGNKADRAPDLPVATLDGLTSLKLSALEAREDADEVQPLLDHLTDTVAEHLSRAEASPVVMNQRHRQHLRDALDAVQQAREALDAGVSGDMLTLDLRAALQELGAITGEITNEDVLDQIFSRFCIGK,1,train
Q2S530,MTPDEVRRTRATVVGGARSGRAAARLLAKVGGEVFLTEQDAPSDGAAAALDEAGVEYEFGGHTAEALDADVLVLSPGVPTQSNIVQQALRAGLDVYSEIEAASWFCDAPIVAITGTNGKTTTTSLTGHVFRTAFADTLGREAIVAGNIGYPFSDYVLETEPTDVVVLEVSSFQLDHVETFRPRVSVLLNITPDHLGRYDHDFEAYAQAKHNIFRNQGEGDVVVYNRDDDDVRNAAEEAAAEQGVRPMAITREGVPAAGAGFRDGRIVLRTDDEDDSLMPQDELALRGRHNMYNSLAAAVSARVMEVENDVIRESLSGFEGVPHRLEEVHTVDDVLYVNDSKATNVNAVWYALESFDRPIVLIAGGRDKGNDYTDLKPLVRDQVRAVVALGESAEKVERELGGEAPDHSRAETMEDALTQAQRAAQPGDVVLLSPACSSFDMYENYEERGDTFRRLVETLL,1,train
Q2S4G9,MSALRNQDPEIHDVIQKEVQRQNDGLELIASENFASRAVMEAMGTALTNKYAEGLPGKRYYGGCEVVDRAEELARERAKELYDCDWVNVQPHAGAQANSAVYLTLLDPGDTFLGLDLSHGGHLTHGSPVNFSGILYEAEYYGVEEETGRIDMNRVRDRAKEVQPKMISIGASAYPRDFDYEAFREIADEVGAFLWMDMAHTAGLIAGGVLNDPMPHTHVVTTTTHKTLRGPRGGMILLGDDYENPMGKTARKSGRTKMMSELLDSAVFPGTQGGPLMHVIAAKAVGFKEALKPSFAEYTQQVVDNAQAMGAELRERGYDLVSDGTDNHLVLIDLRNKGLTGKEAEQALEAAGITANKNMVPFDDKSPFVTSGLRLGTPAMTTRGFGPDEFAHVAEMIDRVLQDPEDEDTQAAVEREVKALCDQHPLYDVAMA,1,train
Q2S1J1,MPVSIVIGSQWGDEGKGKIVDLLSPDVDIVARYQGGANAGHTIVWDEEGETEEFVLHLVPSGIFHEGVTCVIGNGVVLDPKAILEEIEKIESLGIDVEGRLKISHNAHLIMPYHKAIEAAQEEDRASASDDDEIGTTGRGIGPAYTDKFARTGIRVVDLLDEDVLRRKLRRSIEEKNAILRDVYDAEALDVDRIVEEYVEFDQKIDDYVTDTSAYLSRALDDGARVLAEGAQGSLLDVDFGSYPYVTSSHPTAGGCCTGLGVSPTEIDRVLGIAKAYCTRVGNGPFPTELDGEVGQALREKGGEFGATTGRPRRCGWLDLVALRYTCMVNGFNELALTKLDILSGIDELKVCTEYRYDGKTTRRFPSEPQNLTRVEPQYETLPGWEADISAVRHVDDLPRAAQDYLAFIENYLDVEIGLVSNGPRRSQIITDVQPMAAA,1,train
Q2S1S3,MEVAPSDVDLRTSRRFYERAQHSIPGGVNSPARAFDSVGGTPLFIERAEGAYLEDADANEYLDYVGSWGPMIFGHAHPDVVEAVKDQAEASTSFGAPTEIEIEVADLVCDLVPSVEKVRMVNSGTEATMSAARLARGYTGRDKIIKFEGNYHGHGDFFLISAGSGAMTLGKPDSPGVTDGNAKDTLLAQYNDLSHVQRLVEANQGEVACIIVEPIAGNMGCIPPEPGFLEGLRELCDAHDIVLVFDEVMTGFRVAPGGAQERYGVIPDLTCLGKIIGGGLPVGAYGGKQEIMDYVAPTGPVYQAGTLSGNPLAMRAGHAILSKIAEEKDRIYDQLEDYAEALQKGTEHNLDALGLDYTTHQVGAMGSLFFTDAEVVDQDTAQTADTEAYAAYFHAMLEEGIYLPPSQFEAVFYGTCHGEDELETTLETQRRALKRVHS,1,train
Q2S4F8,MASIQRVTARQILDSRGTPTVEVDVTTGEGVLGRAAVPSGASTGAYEAVELRDGDADRYHGQGVLRAVGHVNDAVADALHGMSVLEQVAIDDTLRALDGTEDKSNLGANAILGASLAAAKAGAATLGVPLYRHLGRATARTLPVPLMNILNGGEHADNNVDMQEFMIAPAGADSFSEALRTGAEVFHTLASVLQDRDYSTAVGDEGGFAPDLGSNEEAVELILDAIEKAGYTAGSDVFVALDPAAAEMVEDEAYVFWKSDPDTERSSEDMVEYWAEWVDRYPILSIEDAMDEDDWDGWAMLTDAIGDEVQLVGDDLFVTNTKRLTRGVEEGCGNSILIKPNQIGTLTETLNAIETAHTHGFTAIISHRSGETEDTTIADLAVATGTGQIKTGSASRSDRVAKYNQLLRIEEQLGATAHYPRLDAFPLTN,1,train
Q2S354,MNKQINSVAPMSDTTSEALSVDALAADCKAAARELSTLSTETKNRTLRRMADALEADEEAILAANGKDVSAAREEGLDDALIDRLVLNPDRITKMADALRDVASFADPVGEMGGTTKRPSGIEVGKMRIPLGVIGMIYEARPNVTADAAGLCFKAGNAVLLRGGSNAFHSNQAVAAALHTALEAEGVPPAAVTLIPTTDRAAVQEMLTLNQHLDLIIPRGGEGLIRFVDETSQIPVIKHYKGVCHLYVDEDADLEVAEDLLLDGKVSRPSVCNALETLLVHADVADDFLPRARALLDDAGVELRGDDRTRQLLPGVGAATEDDYAAEYLDLTLAARVVESDDEALNHIAEYGSNHTEVIVTDRLPTARRFVRSVDASVVLVNASSRFSDGGELGLGAEIGISTTKLHAYGPMGLEALTTEKFVVYGEGETRHPVEK,1,train
Q2S4R9,MVQTIDQAASLRGTVSLPADKSISHRSALLSALGTGRSRVYNFPDSADPQSTLDCVRTLGIEAGRNDEGVLAIHGRGLGGLHPPSEPLDCGNSGTTMRLLSGMMAGQEFGSVLTGDESLQQRPMERIADPLQAMGARIDLRSGHAPIRIRPQRSDGLRPLEYRLPVASAQVKSCVLLAGLYASGRTVVIETTPSRDHTERMLGLEVQEVGGERHIIVEEDHTVPAVDWSVPGDFSGAAFFLVAGTLVPDSELHLDDVGLNPSRTALLDVLDGMGADITVENERVQGSEPVGDITVRSASLSGIDIGGRLIPNLIDEIPVIAVAAACAEGRTEIRDAEELRVKETDRLHAMAQNLEALGAKVQEREDGLIIDGNGPNLLGAAVTSHDDHRIAMAMGVAGLVAHGTTTISDAECARVSFPGFWDELSRVSVS,1,train
Q2S304,MKAQLLTIGDELLIGQTTNTNAAWLGGRLSRLGVRMTRTVTVGDAREAIFRELDRAYEEARLVICTGGLGPTHDDLTRTVIADYFGAPLQTDPDVLERVRQYYDRRNRDVPPSAPALAQRPEGFETLDNPVGAAVGLWHEAPDGRLIVLLPGIPEEMTAIFEASVQPRLEEQSGVGEVRHRTLVTAGIGETALQEKLGDLSDVLGDDVSLAYLPSTSGVRLRLSADARQTTAGARLDTVEAAIRERAGDDIIGTGDVTLEAVLGDALRARDATIASAESATGGLIGHRLTGVSGSSDYYLGSVVAYANSAKKTVLGVDEAAIREHGAVSEAVAVQMAEGVREALGTTVGVSTTGIAGPTGGTPDKPVGTVWVGYADASERHARRHQFVEDRTLNKELFASAALEEARRTLSV,1,train
Q2S1G4,MLDLDTVRNDPRRVKEALRAKGIGSPDLVDTLLEIDETRRSAITELQDVQSRQNELSQQIGALKREGKDEEAEAIIEKTGRMKEKINRLKEEVQEAEARQEELVLELPNIPHPSVPVGADEDDNEVEATVGEMPAFDFDPAPHWELADRHNLVDLERGAKVAGSGFPFYLGKGARLQRALLNFFLDRARERGYTEMQAPLFVNPESAKGTGQIPDKDALMYEIPRDDFYPIPTAEVPVTNFHRDEILAADDLPRRYCTYSPCWRREAGSYGSDVRGLNRLHQFDKVELVRIVPPDESYRALDALLEDAESALDALDLPYRRLLMCTGDMGFTQAKVYDLEVWSAAQERWLEVSSVSNFEAFQARRAQIRYRLEPEAKPELVHTLNGSGLAFPRIVAALLENNQQPDGSIELPEALHPYTGFARIGAEA,1,train
Q2S238,MAFPPVDEQMTVLRRGAEEIVPEDELAEKLRTSRETDTPLTVKLGCDPSRPDLHLGHTVVLRKLRQFQDFGHRAVLIVGDFTGMIGDPSGRSKTRPQLTLEETREHGQSYYEQATRVLDPNKTEIRYNSEWLDEMRFSDVIELAAQQTVAQMLKRDDFNERYEAGQPISLHEFLYPLAQARDSVHIEADVELGGTDQRFNLLLARRLQEANDQAAQVCMMLPLLEGTDGSDKMSKSLDNAIGIAEAPEDMYGKTMSVPDDLIYRYVELVTDIPTEQLPKVKQFAESNPRAAKAQLARRIVEMYHGEEAADRAEEHFEQTVVEGGVPDDLPEYTPTPEDGAEVGLLNLMRHADLTDSNSEGRRMIEQGAVTIDEEKVTDTGRYIDVAEEAPFVLQVGKRRFARIRPPENGTDV,1,train
Q2S0W2,MLRYLTAGESHGEAIIGVLEGAPAQLPLTPDDINEHLARRWLGYGRGGRSKIENDTVHIYSGVRFGKTLGSPISFRIDNGAYEKDKAGWPEKMAIEGEPPEDMEKVTMPRPGHADLAGKQKYEHDDMRPVIDRSSARETAMRVACCSVARRLLNEFGIEVGSHVVRIGDVGFDEPEEWADRRNALIEEGGGASALYETADESATRMIDDGMTERCVEHIDQTKKDRDSLGGVYEVVVTGVPPGLGSYVHWDRRLDGQLVQAICSIQAQKAAEVGDGFFNAHRPGSQVHDPIEPREDGAQAYPRRTNHAGGTEGGTTTGMPLVVRGYMKPIPTLIKPLDSVDTATGEPEPTRYERSDITSVPAASTVAEATVAYTVANAFLRKYGGDSVPAIRRHVEADRAAPNE,1,train
Q2RYY4,MAYLFTSESVSEGHPDKIADQISDAILDAHLAEDRNSRVAAETLVTSGLVVLSGEITSQARVEPREIAREVIRDIGYTDPRIRFDAESCGVISSLHEQSGDISQGVDGGEEQGAGDQGLMFGYACRETEELMPMPITFSHRLVQELAHIRKETDKMPYLRPDSKSQVTIEYKEDRMTPRRVHTVVVSTQHDEGVPQKKIREDVRDILLPRALPTDLLDEDLILHVNPTGRFVTGGPHGDTGVTGRKIIVDTYGGKGAHGGGAFSGKDPSKVDRSATYAARHVAKNLVAAELCDEAEVQLAYAIGVAEPVSIDVSTNGTGVLPDTELCEMVREHFELSPSAIIDRLDLLKPRYQKTAAYGHFGRPTFPWEELTHVEALKRDAPAVAS,1,train
Q2S3A7,MHKLTLDDVDVRGQRVLIRVDFNVPLDTSEDGSPCVGDDTRIRAALPTIRHVLDHGGKAILVSHLGRPGGQPDPDLSLACVADHLGTLIEERVRFSSNTVGDTVEEVINGMSEGSVILLENTRFDAGEKANDEAFATALANLADVYVNDAFGAAHRAHASTAGVAEFMDVAALGRLMEDEIEALTRVRDDPAHPMVAILGGSKVSDKLGTIRALSETADHLLIGGAMSYTFLKVLGHEVGASRVEADRLDTAEDLYEQAEGTITLPTDHVVAEAPEADATASVVEGDIPAELMGLDIGPATIDAYRDRILGAATVVWNGPMGVFEVDPFADGTTAIAEAMADATDDGAFSVVGGGDSVSALTRSGCDDRISHVSTGGGALLTFLEGAPLPGVEALTDA,1,train
Q2S1P8,MAKEEFAREKPHVNVGTIGHVDHGKTTLTAAITKVLAERVGGAAEQTFEAIDNAPEERERGITIATSHVEYETENRHYAHVDCPGHADYVKNMVTGAAQMDGAILVVGSDDGPMPQTREHILLARQVGVPYLVVFMNKTDLVDDAELLELVEMEVRELLTEYEFPGDEVPVVRGSALQALESSEEHEEKIMELMEAVDEYIPTPERDVEKPFLMPVEDIFSITGRGTVVTGRIERGRVQLQDEIEIVGMQEEKMDSVVTGIEMFNKTLEEGEAGDNAGILLRGIEKEEVKRGMVLAEPGTVTPHKEFECEVYVLSKEEGGRHTPFFDGYQPQFYFRTTDVTGSIELPEGVEMVMPGDNATFEGSLIEPVALEEGLRFAIREGGHTVGAGVVTDILD,1,train
Q2S3H9,MKLHEYQAKGLFRDYGVSVPDGIVAETVDAAVDAARRLEEENDATLFIVKAQIHAGGRGKGGGVKLAHSVEEVREHADNILGMDLVTHQTGPEGQTVRKILVTEGVDIDQEYYLGVTLDRETSMNAIMVSTEGGVDIETVAEESPEKIQRVWVDPSIGLRPFQTRQLAFAMGLEGDAFKQAVASIQGLYEAFEENDCTLAEINPLVQTPGGDIEAVDAKVNLDDNALFRHPDLEEMRDLHEEDPTEVKAGEHGLSYITLDGNVGCMVNGAGLAMATMDIIKLAGGEPANFLDVGGAASAETVEAGFRIILEDPNVEALLLNIFGGIVRCDRVAQGVIEAAKNIDIDVPLIVRLQGTNAEEGKRLLDESDLSLRSAVLLKEAADEVTAALGED,1,train
Q2S030,MPRDYYDILGVDEDASDKEIKKAYRKKAMEYHPDRNPDDPEAEQKFKEASEAYEVLSDPEKRQRYDQFGHDGVDSGAGGGRRGRGRGFHDIEDIFDAFSDIFGGAPGGGRGRGRSERGRGRPGSDLRVSLSLTLEEIAEGTEKNLRLQKYLECESCDGTGAEGGMGGQNFSMCPKCDGTGEIRQVSRSVFGQVVNVQPCPRCEGEGRIIDNLCDDCGGEGRVQGEESISINVPPGVMEGNYLTLGDAGNAGLRGGPSGDLRIEIEEEPHEHFERDGLDIYYDLHLSFPEAALGTEVDVPTLEGEARLEVDPGVQAGKILRMRDRGLPDLEGSGQGDQMIRVHVWTPQELTAEEEELLDQLRAHDNFQPRPPEEDTQKSFFRRVSDVFS,1,train
Q2S531,MLYYLIDYIERLYHPPGFQVIRFITVRAALASITALGIALGAGRGIIRWLRQQQLGEQVREGEAAGAISHAHKAGTPTMGGIIILLSVGGATLLWGAVANTYVWLSLVAMGGLGVVGFADDYVKTVRKQKDGLNAWYKVAGQVAVGLFVGSVLYFHPDFAAYNTFTFIPFLKDQVLDYDLFRFLELGVDLGWLVYLPVVVFIVTAVSNAVNLTDGLDGLTTGVTAFVSLGLVALVYVSGNAEFATFLNVMHLPGTGELTVFVAAVTAACFGFLWYNGYPATVFMGDTGALALGGAVGSTILMVRKELLLPLLGIVYFAEALSVIVQTSYFKYTRRRTGTGKRVFRMAPLHHHYEARGLHEAKIVTRFWIVTAITVIAALLILRIR,1,train
Q2RZN9,MSKKGRVLVAMSGGVDSSVTAVLLKERGYDVVGLTMKTWDYSTSGGRDGKEVGCCSIESMNDARVVATEHGFPHFVVDLREEFGDWVIERFTDEYLSGRTPNPCVLCNTHIKWDALLQRADDLDCEYIATGHYANVRYDDERDRYLLSRGLDRNKDQSYALWGLPQEHLARSIFPLGAYEKPEIREMAAEFGLDNVADKPDSYEICFIPDNDYPRFLKDRVDGLEEEVSGGTFVLSDGTVVGEHDGYPFYTIGQRRGLDLALGERVYVTDIDPETNTITVGPKEELMEQTLTAHEINLVKYPELDGERPAWGTIRYNDDGAGCLAWQPDEDTLKVAFAEPKRAITPGQSLVLYEDEDVLGGGWIHEVGGAENEAAERAAEAPA,1,train
Q2S528,MSTRAPHILMVGGGTGGHVYPAIAIADAVRALRPDAQIVFAGTQDRLEARAVPEAGYALHPITAQGLQRRAVASNLLLPFRVAQGLVQSWRLVGAIEPDVAVGTGGYVAAPVLMAAWLRGRPLLIQEQNAYAGLTNRVLARLALRIHLAFPEAKDWVPAEHAVVSGNPTRQSLRDADPDAARAAFNVPEDGRVLLVMGGSLGSAAINGAIQRILDPLLAEGDVHVVWQTGTRYYDDLTEDLDEHPRLRVVEYIDQMGHAYAAADLAVCRAGALTCSELTVTGTPAVLVPSPNVTADHQTKNARSLERAGAAVWLDEADLDAHLETVLLDLLGNSDRRARMAEAARDRARPDAAETIARDVLALADRYRTN,1,train
Q2S0P9,MPDVKTASHTVGTAEDRVDLKTMGRAGLKDFVAEHGAPRYRGDQLFNWVYGKGVSDFDRMSNLPKRMRRGLQRDATVEDIEIVEQQQAADRTVKALFELPSGREAETVLIPAIDERGEARRLTVCVSSEVGCAMGCEFCATGRMGFRENLTPGAIFDQVWHMNEVAQEHFGRPVTNIVFMGMGEPLLNYDAVLDSISILTDEDSLNLSAQKITVSTVGLARRIKDLADDQLRTNLAVSLHAPDNETRSRIMPVNEAEKTSLPALKEALQYYFDKTGRQITYEYCLFKGVNDSETDARNLADVTRWAPSKVNLLMYNPVEGLNFERTSEAQLDRFVQVLVQEGVTVTVRRSRGQDIDAACGQLANEGEDA,1,train
Q2S0M8,MDDTRSYDIAWLPGDGIGPEVTREALRVLEAVGSAHGFSVTATEHRMGGVALDETGMPLPDSTRDACLESDAVLLGAVGGPKWADNTGDQRPESGLLALRKALGVYANLRPVRVPAALADASPLRPDRVGGTDILFVRELTGGIYFGTPEGRTDDGARSTMAYSDDEIERIAHVAFQRARRRDGNVTSVDKANVLEVSELWREVVTEVHDDCPDVTLRHLYVDNAAMQVVRDPRQFDVVLTGNLFGDILSDLAAALPGSLGLLPSASVGGTVGLFEPVHGSAPDIAGQDVANPTAAILSAALLLDEVGETAAADAVRHGVDAALDAGFRTADLAADNEEDASTSAFGREVATRAADSVPQNAPTP,1,train
Q2S1G3,MTGSHRTSHAGDGAPEDDLGTFQTLEQFILDRQDSFPHSTGAFSRLLRDISLAAKIVNRDMRRAGLLDVYGSTGERNVQGEVQQKMDALAHREFVQALRRGGECCLIGSEEHAEAIPLSTVSKEGDGKYIVLLDPLDGSSNIDVNVSVGTIFSIYRLPDGYEEEEPDPAAALQPGTEQVAAGYVVYGSSTMLVYTTGNGVNGFTLDPSIGEFLLSHPDIQTPSRGRLSSINSGYYHSFEEGLRDYLDWLQQKDPETNRPAKTRYIGSFVSDFHRNLLKGGIYMYPATESSPAGKLRLMYEANPMGFIAEQAGGAASDGHRRILEKEPDKLHQRTPLFIGSEEMVRRAEAFLQGEPERALSA,1,train
Q2S2U3,MIEREKLDKVKHRFQEVESLMADPEVANDPDRMRELGQEHSRLEEVVEAIDRYERLLDERDELEGMIRDESGEMEALAKEELEQLETKLPAVEEDLKQKLIPKDPEEEKNAIVEIRAGAGGDEASLFAGDLFRLYTQYAKQQGWTYELIDASPGTQGGFREVIFAVKGEDVYGTLKYEAGVHRVQRVPETESSGRIHTSAATVAVLPEAEEVDVDINPSDLTIETFKATGPGGQSVNTTDSAVRIKHAPSGVEVSCQDEKSQHKNRSKAMRVLRSRVYEKKREEQQAEREEARRSMVGSGDRSAKIRTYNFPQDRVTDHRLEGGQKNHSLQPIMDGEIDPIIDALRAEEHAEKLANL,1,train
Q2S1W0,MASFPSLDNDRLLRTARGEPTDCTPVWMMRQAGRYLPEYQAIRKEHSFFEVVETPELAAEVTIQPVERFSLDAAILFCDIMVVPEAMGLTVKMVSGQGPTFPKPLTTPDEMERLVEPDVESALGHVFEALTVTRHELAGRVPLIGFSGAPWTLMAYMVEGGGSKSYRAARRWLYRHPDASKALLQRTTDVIVEYLIRQVDAGAQMLQVFDSWAGLHTPENFRTFCLPYLAEIATRVKAAHPDVPLVIFAKGAHYALDALADTDYDVISLDSTMDPDAARDTVGDRAVLQGNLDPCALYAPPDVLRREVQHMLAGFGPHHHIGNLGHGMLPDHDPEHARVFVDAVHEHSRHMRTV,1,train
Q2S1Z6,MNTLLQTIADGDPLSRPEAEEAMATMMSGSARDEHIAALLMGLRTRGETLDELVGFTKTMREFAVSVETDDPQTIDLCGTGGDGASTFNISTTASFIAAGAGATVAKHGNRSVSSQSGSADVLEALGVQIDLEKEGVEHCLHEAGIAFLFAPFFHPAMRHVMPVRKALGVRTFFNILGPLCNPAGVTRQIVGAFDTSTAQTMVRILAELDADHVITLHADDGLDEVSISASTTLFEYDASDQNPVPRSHEVGPERHDLDRASISTLEGGTAQQNASILRNILSGEDQGPRRDVALLNAAYALHVSDQYADLDACLEAAAESIDSGAALDALNTLASVSKEAKSE,1,train
Q2S0M9,MDVHYDADPALIHDKQVAVIGYGSQGHAHALNLHDSGVDVAVGLRPGSSSRPKAEQQGLTVMDIGEAAAWGDVVMLLIPDQHQKDVYEAKIAEHMTPGTALGFGHGFNIHYDRIEPPEAVDVFMVAPKSPGHLVRRTYTDGSGVPCLAAVDQDPSGGAMALAISYADAIGGTHAGVIETTFKDETETDLFGEQAVLCGGSQALIQAGFETLVDAGYPEELAYFECLHELKLIVDLYYEGGLEYMNHSVSDTAEYGGYTRGPRVIDDAVREQMQEILEEVQSGEFADEWIEEYEQGAPQLQEERAALTEHPIEQVGQTLRGMMPWLNGDETSADEDAPDAADTAPASSS,1,train
Q2RZI8,MLVLGIESSCDDTAAAVWDDGTVRSNVVSSQADLHEEYGGVVPELASRNHQRLIVPVVQRALAEADADARALDAIAGTYGPGLPGSLLVGLSFAKALAQGLDVPLIGVNHLEGHVYSVDLGPERPARPFLCLIVSGGHTELVHVGDDFQHDVLGRTRDDAAGEAFDKMAQLFGLGYPGGPDIDRHAESGAPTFHDFPRSRLDDFDFSFSGLKTSVLYYLRDRSDADRERLLDEHLDDLCASVRAAVVDVLVDAVRRAVEATGVGHVAVVGGVAANSALRRRMKALGDDEGVDVSVPDLAYCMDNAAMIAQAGARRLAAGHASPPTLDVHPSLQL,1,train
Q2S2H6,MSTSITLFGAGSWGTALAVHLAAAGRDVTLWARRDEAVERMRTTHRNPTYLSDIEIPPSVHVTSDLEAAAGASSLWAVAVPSQNLRSVATRIAPLTRPGTTVVSLAKGIENETLQTMSQVLADELGGMEAQQIGVLYGPSHAEEVAENQPTTLVAAAPTEPRAEWVQDAFMTERLRVYVNTDVVGVEIGGSAKNVLAIAAGIGDGVGYGDNAKAALVTRGLAEIRRLGIAMGAKPRTFAGLAGIGDLLVTCMSPHSRNRYLGEQIGNGMTLEEIESEMDMVAEGVRTTQSVQDLARHHDIEMPVTEAVHRVLFENRRPEDMVDELMTRSAKREHWLPQGLRNVS,1,train
Q2S3F9,MSTSRSDALKAEADRSDNDVEKLLRPQSLDEFVGQEKIKENLNVFMKAALQRGETLDHVLLSGPPGLGKTTLAHIIANEMGARIRTSSGPVLEKPADIAGVLTNLEEGDLLFIDEIHRLSSVVEEYLYSAMEDYRIDIVIDQGPNARTVQIDLPPFTMVGATTRKGLLTAPLRARFGIDFRYDYYTADLLQEITQRSARILDVETTPDGAYEIARRSRGTPRVANRLLRRTRDFAEVEGDGEITKAIADRALNALDVDEEGLDDMDARILLTLIDNFDGGPTGLKNLAVSVGEESGTLEEVYEPYLIQEGFMERTPQGRVALQRAYDHFDRSSPAADQDLFDQE,1,train
Q2S3C0,MKFLDQVDLRVSSGDGGKGVVAWRREKYVPKGGPSGGDGGDGGSVYVEADENLYTLMDLSHNTQVFAEDGEPGGRREQTGASGEDKVIRVPPGTVVKTQTGEVLGEVVEPGQRICVAEGGQGGRGNAFFKSSTNQAPRESQPGEPGEERDLTFELKLMADVGLVGFPNAGKSTLVSSVSAAEPEVADYPFTTLTPQLGMVYVSEYETFVMADIPGIIEDAHEGKGLGLQFLRHIERTSVLLFVIPITSQDLGEEYEALLHELESHEASLLDKPRVVALSKIDILAPDERALLPDVVADEFPDDVPLLPISAVADVGLDQLKYTLFDTVHSTQSADAIDA,1,train
Q2RYT4,MPDEIDQLREQIEAESIESAEEAEAFRIKYLGRNQGAIPDLFDQIGDLPPEERPEFGRRLNALKDRAQERIDEAKARLERQEQAGGPDIDLTLPGRCGFKGSTHPLTQTLDEILRILRGLGFSTHEGPEVETDWHNFTALNFPPDHPARDMQDTFFLEDPPEGTEPRVLRTHTSPGQIRIMEAQTPPIRVAVPGRVYRNEAISYKSFCLFHQVELLYVDENVTMAQLKQVLYSLARALFGEDVTLRFRPSYFPFTEPSAEVDVWWDDEDSDDGGQWMEILGCGMVHPNVFESVDVDPERYTGYAVGMGVERMAMLRHGIDDIRIFYENDVRFLDQF,1,train
Q2S535,MSDDDSQDDSVPEGDPRRYATDFHAPVLSHDVQARLVTDASGRYVDATLGGGGHARALLDVLDPDGVVLGIDRDPEALETARDRLADEREAGRFWAVHGTFGNLRDVLAAEDLIPIDGLLLDLGVSSHQIDVPERGFSFRDEGPLDMRMDPQRGLTAQQVVNGWGERDLRDVLREYGEESRAGQIARALCDARPLDTTRALAEVVEDCAPPPDTVKTLTRVFQALRIVVNAELDELEQVLEQATEVVRTGGRIAAISYHSLEDRRVKRYLRYGNFEGEPRRDLYGTLVAPWAETPRGPIEAGESEVEANPRARSAHLRVAERRDDDEAGAPLPPLS,1,train
Q2S3N9,MSNHGLQMPEGVHVEEVSDSEGQFVMGPLERGYGVTIGNALRRVLLSSLRGLAITAVKIDGVQHEFSTIPGVTEDVADLILNLKEVRFKADEMQEGHLHLNLEGPGNWTAADIDEATAEYDVLNPDQHVATLAEDAVVNVDLRVGYGRGYVPSEENKREDDPIGVIAIDSIFTPIKNVNYEVKPTRVGQKIDYEELLLDVETDGSLTPEEAITQGASILRDHVSFFIQLEEEPEPVVEEQEVDEEVKRIRELLAQPVDELDLSVRSHNCLKAANIKTIGDLVRREEDEMLKFRNFGRKSLQELVEVLDERGLQFGMDVEEYLEEKKAS,1,train
Q2S2X3,MAASESSAALDRPDGLRHQHLLDLSPYEADEIQYLLDTAQEFREVLDRPIRQVPTLQGTSVASLFFEPSTRTKLSFNLAAGRLSAETVSLSKASSSVTKGETLKDTARNVEAMKVDVVVLRHPSPGAPHFLARCTDSVILNAGDGAHAHPTQALLDVLTMRAHVDSFEDLNVSIIGDITHSRVARSNVQALTTLGATVTLCGPETMLPVEMEAAMDVRTTTRLDAALDGCDIAMALRIQMERQNAGLFPSTREYHRQFGITADHLRRHPDLLIMHPGPVNRGIELTDAVVDHERSIILSQVTNGVALRMAVLYVLAPRREEA,1,train
Q2S431,MANLRDIRNRIDSIENTKQVTRAMKMVAAAKLRRAQEKIFRARPYAYKIGELTNHLKQELDPTAHPFFQAPEEASGALVIVITADRGLCGSFNSDAINTAEHLIETTYAETQSADDLFMLCVGKKGHKHFQKRDYRLVGDYKGVFDGLNFDVAQQVVEDAVEGFERGIWGEVKLVYNEFKNTIVQNQIVEPLLPIPEERFETPVMEEEADGFALPENGRAIDYIFEPGAPTLLDELVPRYLYYQVWRALLESNAAEQGARMVAMDNATSNAEELIEDLTLEYNRARQSAITRELLDITSGAEALEESG,1,train
Q2S3M1,MAHDMLFRGVAPALVTPFTSDDDIDEAAFRRLIDAQIEGGVSALVVLGTTGENPTITEDERRRIVDAALDAADGRVPVIVGTGTNNTDESVAFSKAAVDAGADGLLVVGPYYNKPSQAGFAAHVETIAAAAEAPIILYNVPGRTSFNIAPETALHLAEEVPHVAGIKEASGDIEQIDDLLAHRPDGFGVYSGDDEMTLPLLAMGGDGAVSVISNALPGPFCELVAAGLDDDLATARDRHAELLPAMRACFLETNPVPIKDVCAALGWMEPHVRLPLTPMDERSPVRQRVLSAFDDLIDVTVA,1,train
Q2S1I0,MPDASDADLLDGQALSQAVRDEVKADIQAWTDDHRPPFLSAVLVGDNPASKAYVRGKEKDAAEVGIETETHHLDADTSQSELLDLVHDLNADASVDGILVQLPLPDHVDERTVIDAVDPSKDVDGFHPENLGRLMRGTPRYIPATPYGIMEMLSRSDIDPESMDAVIVGRSNIVGKPLANLLLRRTANATVTVCHSRTKDLAAHTRRADLLVAAAGQAAFIDADMVKEDAVVIDVGINRVDDPSTDRGYRLVGDVDFEGVRPKARRITPVPGGVGLMTRAMLLKNTLKAARLRATSA,1,train
Q2S2P6,MELLRTVDAMQAQADAARAEGQTLALVPTLGALHEGHLALVRRALNEADHVTVSVFVNPTQFGPGEDYDDYPRDLEGDRETLEALDVDAMFAPSVEEMYPYADDEALPGPLAWVDVERLDEHLCGAYREGHFRGVTTVVTKLFHACKPDVAVFGRKDAQQYVILQRLVEDLLFDIEIVGVPTVREPDGLAQSSRNEYLDPEEREQATVLYAAVTAAEEAIEGGEQAAEGVVGAMENELAAAPDADVQYAEVVDAHTLQPVDHLVPGQEVLAAVAVFFGETRLIDNTFVQVPPAQA,1,train
Q2S6C2,MNTFRTTALMAVMIVLFALIGQALGGTGGMLLAFLIAVGMNGVSYWYSSSIVLRMYGAEEVSRAEAPELHDLVDRLRRRADLPMPKVCIIPQDQPNAFATGRNPDNAVVAVTKGIMDVLDRDELAGVIAHELAHIKNRDMLTSTVAATLAGAITMLSRFALFFGGRDNNFLVSLLMMILAPMAAMLIQSAISRSREYAADREGAEIAKNPLGLASALRSMERAAEHRPMPANQTTSHMFIVNPFSGGLSGIKRLFSTHPPTEERIARLEEMAGRAQ,1,train
Q2S6J1,MSVSAKQVKELRDATGVGMMDCKEALQETDGDFDEAVSLLRKKGQEVADDRAAVEADEGLVVTAVSDDGHAGAIVEINCETDFVARNEDFQSFADTAAERVLEETPDDLEALESLPYEDDVTIEEELVALTGRIGEKLTIRRFDVLESEEGQIISYVHPGSKLGVLVEVHGDGEAEETGRDVAMQVAALEPIAVTRDEVPDEVKEEEREVAREAAVNEGKPEHVIDNIVEGKLERFFEDHVLMEQAFVKDSSVSVKDMLDDADLSVARFTRYALGD,1,train
Q2S4Q4,MPLAQDAPAKINLGLHVLRRRPDGYHDIETVLHRIDWADTITATPADTLSLTCSDPSLPTDRDNLCLQAAHRLASACDVPAGADLHLEKRVPYGAGLGSGSSDAAATLRLLARLWDVDPTSETLQEIGRTIGADVPFFLQDAPAAYATGRGDTLSPLSKDGASYRLPFSLLIAVPSAEIATPWAYDRVTPAEANRPDLRRLVLSNDLSRWDEALTNDFAPPVTTAIPAVDAARTALRATDAACVSLSGSGSAVYGLFEETAAARAALQSLKPRDLRTHLMPAPN,1,train
Q2S3F0,MPPWFRREKAGIRTTREEQNEMPEGQWVKCPETGEITNRRELEENLLVFPGSGYHFGMDSHQYFGFLFDDGDYDLHDTDLRSVDALNFEDRKPYSQRLESAVEETGQNEAVQAATGSVGGHPVSMAGMDFSFIGGSMGSVVGETVARAIKRAYTEGMPLITIAQSGGARMMEGALSLMQMAKTSAHLTRLDEAGLPFISILTHPTTGGVTASFAMLGDIHIAEPDALIGFAGPRVIRETIGSDLPEGFQKSEFLQEHGFVDMIVDRRRLRRRIIRLLNLLME,1,train
Q2S1H6,MPRVTTKTVQEMKEEGVPIAALTAYDYTSARLLDRAGADVLLVGDSAANVMAGHETTLPMTLDQMIYHAQCVVRGIDRSLVVVDLPFGAYQGDPTEALDSAIRVMKEAGAHAVKLEGGAPVVEAVERMVTAGIPVMGHLGLTPQSIYDYGTYQVRARDEEEADELRADAKRLEEAGCFAVVLEKIPAELAAEVTASLSIPTIGIGAGDQTDGQVLVSHDALGLSTDFEPRFVRRYARLDETIIDAIGAYVSDVRDRSFPDEDESY,1,train
Q2S1H7,MSSPASGDEPRILLCNDDGIHAPGIQSLASALDGLGELFVVAPTTEQSAVGHAITVRDPVRAHREEFEVPSGPIPAWGVTGTPADSVKLACHELLDAPPDLVVSGINQGPNTAVNVLYSGTVSAATEASILGLDSLAISLCEWSKPQFEVAGQWARRIVEWALDRGLPQGVLLNVNVPALSAEQIEGVALTRQARSRWEEGFERRTDPADRPYYWLAGTFVNLDDGPETDLSAIERGYVSVTPIQHDMTAHDAFEAFGTWDWDESAGPDGSE,1,train
Q2S1Z5,MSILDDIIDDTRELVEQRKQETPTSELKERPFYDEREPLSLAEALKERGLSFIAEVKKASPSKGVIRDPFDPAAIAQQYAEHDAAAISVLTEPLHFEGALEHMAWIRAHVPETPLLRKDFIIDPYQLVEARAVGADAVLLIATALDPGQLAELHAAATELGLSCLVEVYEEEDLDKIDWEQVSVLGVNNRDLHTFEVDLDNSLRIFDQTPKGVGRVAESGLSDPETLVRLRKAGVNGVLIGEHLMRAEHPGEALSRLRAEGKKIAAQQAG,1,train
Q2S560,MLLALDVGNSAVKAGLFSGDELVRVFSVDPPDADATDASYWRAELDSALADATVEHAGLVSVVPARTDAVARGLRGVVDAPLTIVAPEMALPFTLDYDTPDTLGTDRLAAAAAGWTRYGRDASRSVIVVDAGTAVNYEVVHRTGTYRGGAIGPGAVLMRNALQAGTAQLPDVPLHLPETPVGSSTRTALQSGILWGLIDSVQGMAARLAAQLPDAPRLVLTGGWSNPLIDHLTIEAAHAPHLVLRGVRLLAEKNRA,1,train
Q2S295,MPLAKRIIPCLDVDEGRVVKGINFVDIRDAGDPVEQARTYDAAGADELVFLDITATHEDRDIMHDVVRRTADQVFIPLTVGGGLRSVDDMRAMLQAGADKVAINSAAVKDPDLIARGADAFGDQCIVVAIDAKRRDGDGPAWEVVVHGGRKPTGRDAVEWAAEAEARGAGEILLTSMDRDGTKDGYDLALLRAVTERTQIPVIASGGAGTLEHLREGLVDGGASAVLAASIFHFREHTVEEAKDHLRDAGLPVRPALNNWTDRYAPTD,1,train
Q2S4S9,MPRYRLLVEYDGTDFHGWQIQPTVPTVQGALEEAVDTVVGTACRVTGSGRTDAGVHARGQVAHVDLPETRDPYRLRGSLNGLTPDAVAVRRVERAPDDFHARYDARRRRYHYHLHTQPCALGRRARTPVRPVPDFGRIRAATPDLLGRHNFSSFCLTQSETENRVCTLTHLRWVDEARRGCWRVEVVGTRFLHGMVRALVGTLVEIGHEKRAADALPAVLAARDRRAAGPSMPPEGLVLEAVRYEQPLFDDGPGDPLVPAVRREA,1,train
Q2S6J2,MSASPDDESTSSLDHQRVLLKLSGQALLGDREFGIDEAVLRTYANEVKTAVEAGAEVAVVIGGGNIFRGVEHAMEGMTRAHADYMGMLATMINGMALQDAFEQVDLVTRLQSSIKMEEIAEPFIRRRAIRHLEKGRVVIFGAGTGNPYFTTDTAAALRGLEIDADVILKGTRVDGIFTADPEEDASAERFKQIHGQEVIDRDLRVMDMTALTLCQESKMPIVVFNMGTSNNLRRLLEGETVGTHVHWDEAKASTERVPA,1,train
Q2S296,MPLVIPAIDIRDGRCVRLHQGDYDNETVYFEDPVKMAKLWRVQNAQTLHVVDLDAARGEGEHNRDVIGKMCDALDIPIQLGGGIRSMDQIEAALDRGVYRVILGTAAVRNPDFVERAVEQFSARRVVVSIDARDGEVRVQGWTEGSGLDAVAFAKDMEQRGVRRLVYTDISRDGTMDGPNIQAYRTLGRQLAHAKVTASGGVGEHDDLLDIQTLQPYGVDSVIVGTALYENRFPCQQFWAWQDKDAVDLDTFSTASLR,1,train
Q2RZ66,MAGHTRKWAKVKRKKQKDDRRKSKVWARLSQEIEKAAREGGGDPDANVALSQALERAREEDMAKDTIERAIKRGTGELEEEGREKVTYEGYAPHGVAVFVEGETENINRTVKDLRNLFSDHGGNLGKDGSVAYLFEQKGRFEIAADATDEMTLFEVAVEAGAEEVDETDGTYVVTTGRDAFADVGEALDEAGLPVEANALVRAPTTTVALAPDERDAVRGLIEKINDLRDVTSVYTTLEIDGTPLALGVDVASPAGH,1,train
Q2S3Q8,MGQKTHPIGFRLGAIRGWDSNWYSETNFQDKLVEDEELRRYLHTRLKRAGLSRAVIERTPERVILTLHTSRPGVVIGRGGSEVEKLKGELETLTGKDIQINISEIKRPELDATLVAKNIVQQLEGRISFRRAMKQAMQAAMRMGAEGVRIRAAGRLGGAEMGRTEEYMEGRVPLHTIRADIDFAQETALTIYGTIGVKVWIHRGEILGKPDLSPNVQAQQRKMKESPQQRRQRRGG,1,train
Q2S0U5,MTNLLINVDHVGTLRNAREETFPDPVHAAARCEQAGADGIVFHLREDRRHITERDVRLLAETVNGKLDFELSTEEEVVSICCDVVPDLATLVPERREEVTTEGGLDVTASRPRLNAVTDRLYDAGVDQVSLFVDPVPAQIEATAAVGANCVELHTGDFAEASTEAARREEAERLAAAADAAHEAGLRVHAGHGLDYNNFSLFRETVPHVAEVSIGFAVMARAILVGMDQAVRDMRATVANAQP,1,train
Q2S234,MPGSIRIDIVTALPALVEEPLQHSILQRAQESDVATLQVHNLREYATDKHRQVDDRPFGGGAGMVLKPEPLFRAVEAIEGAAGEADDIIYLTPDGARLDQSMANRLSMEGHLILIAGHYKGIDQRVRDLLVTREVSIGDVVLSGGELPALMLVDAVVRLVPGALGDSSSALTDAFQDGLLGAPVYTRPAEFRGHEVPSVLRSGDHQAIARWRDEKRLEKTRDRRPDLLPDTNNDSTEASSQ,1,train
Q2S210,MAVLIPAAGGGRRLGGRPKQFRALGEHPVLVQVLLSFERHPAVGHAVVAAPESRVTDVTDRLQAEGLSVLTAVVGGGADRQSSVQHALRAVPDPVNTVLVHDAARPFVAAAQVQAVVQAVRTGGAASLVVPVADTLRRGDADRLGETVSRDGLYRMQTPQGFRREWLEHAHRRASAEDLAATDDVALVQHLDHDVAPVPGSRRNFKITTPDDWALAQALWPTWRDAPERFDLSSSASS,1,train
Q2S1Q2,MANIEGKRYQDANELVEEQDEPVKLREAAGLAKDTATANFDESIDLDLRLGVDPQHADQMVRGSITLPNGTGREVTVLVLASEGKQQEAEEAGADYVGLDEYIERIEEENWLDFDVAIATPDVMGQVGQLGRILGPRGLMPNPKSGTVTMDVADAIEEIKAGKIEFRVDQSGNLHTPIGKASFSPDELYENAQALLREVIRLRPASAGGLYLRSITLSATMGPPVRVDRSSVLSEAR,1,train
Q2S567,MSARFGVVVFPGSNCDHDAYHAAHDVFDQEARFIWHEEASLGDVDVVIVPGGFSYGDYLRSGAVARFSPIMQDVVRFAEDGGLVFGICNGFQVLCEAGLLPGTLMRNESLRFVCKDTPLRVENAGTPFTNALTEGQVITIPVSHGEGRYYADEDVLARIEANDQVLLRYSTADGAVTDEANPNGSVHGIAGLVNEAGNVCGLMPHPERCVESLLGGDDGRLIFESLLNHVSIVAA,1,train
Q2S2H7,MWSLTVILLISYFLGSIPGALWSSKALHGVDIRNHGSHNCGATNAFRVVGWQAGALATVVDFGKGFLAAGVVASVIRIDPIPSGLSLFGGDPFVVLGLLAGVGAVIGHMYPIFARFEGGKGVNTAAGMLFALTPLTMAITLAVFVAVLLSSRYVSLSSITAAVAFPTIVALRRFGFGADLDPSLLVFGGLLALSIVVAHRSNIQRLLNGTESQISSFEPAQGMLGRGEL,1,train
Q2S042,MYRVPIHEWDESDQPREKLLTHGPTVLSDAEVLALLLGSGTRTSDGPVSAVELGRALLQSYGSLHEVSQRKPKELTRTRGVGPAKATKLAAAFEAGRRVESQRQQDERMQVTCPADVADVYGPLLRDLDKEVFKVVHLNTANVIIGDYTVSEGGLSSSVVEPRGVFEQAILDDAAAVICLHNHPSGNPEPSREDIRITRQLAEAGGTMGIPVHDHLIIAGTKHTSLAERGVID,1,train
Q2S176,MTATPSDDRKYRHQRERLVETLRERGIHDERVLSAVGAVARHAFVDPALRDRAYADEALPIGLNQTISQPFTVAYQTALLGVQPDDRILEVGTGSGFQAAVLCEMGARVYSIERHDDLLRRARSVLDGLGYDVRTRHGDGTRGWPAFAPYDGIVVTAGAPEIPAPLLHQLREPSGEDDGPGGRLVIPIGGREGQTMTRVRRTGSGPHDYEQEEFHSFRFVPLVDEDEGGG,1,train
Q2S1Z4,MGVELKVCGITELEDARYLAGAGADYLGFVQHEESARYAPPALASDIIEWVHGPAPVGVFVNDGADTINEAVDTAGFELAQLHGQEPAHVVERVDCPVIKAIHVRHDAAPNQLRTLFERYEDGVEYFLLDTHDSSVWGGTGESFNWRLARELAEDYPVFLAGGLNADNVARALETMRPFAVDLSSSLESAPGQKSFEKIDAFMDAFQAAAAELEEAETHDP,1,train
Q2S1E4,MRLIIFGPPGAGKGTQAGLLEERHGITQISTGDILREAMAQETELGQKAKSYIDAGELVPDALVRDLAEQAIADEGHDDFMLDGYPRTDQQAEWLTEFLASNETPLDGVLSMKVPDDVLVRRLSRRRVHEETGETYHLDHDPPPEDVDPDLIVQRSDDEPETIQNRLDVYREETAPLATYYEERDLLVPVDGTGGIEEVFGRIEEALDALER,1,train
Q2S299,MTTIIDYGIGNLRSIEKAFETVGATVHRTDDPAAIAEAERLVLPGVGAFRACIDEIRRRDLEGPIHDAIGRGVPFLGVCVGMQLLFETGYEKGEHEGLGVLPGHVAHFRETDAGMPDELTVPHMGWNAIEPTRDHPLLDELGATPYVYFVHSYHPVAEDADDVLTTTSYGHTFPSVVQRDNVFGVQFHPEKSQAAGLGLLDNFAALPTTEEAGRTVST,1,train
Q2S3R3,MDVEIYQEDGVESGETAALDPTVFDIEPNDHIIWLDVKRIQAHQRQGTSKTKERGEVRGSGRKLYRQKGTGNARVGDAQSPIRRGGGRAHGARPRDYAHDLNQKEKRLARRSALSYKAANDNIQVIENFSLDRPDTRGLTDLFELLGVEGQDILLATAEVEREVYLSSQNLPDVNVQEVQSINTVDILDADVVLLQEGALDWLTDVLSTDEAVPA,1,train
Q2S3R4,MSSGLIGKKVGMTSVFDDEGNNVACTVVEAGPNVVTQVKSEGRDGYSAVQLGFDNVKEKNVTQAMLGHFEKAGCPPKRMLSEFRDFGDDVDLGDVVRVQDLFQEDERIDVVGVSKGKGFQGVVKRHGFSGVGMMTHGQSDRQRHPGSIGASADPSRVFKGVRMAGQTGGERTKIQNLRVVRILADQNAILIHGSVPGPKSEYVELHKK,1,train
Q2S009,MLSHERRLWADGYERVAGLDEAGRGCLAGPVVAAAVIMPPQVEITAIQDSKALSEGQRLDARATIEDEAVAASIARCSPTEIDDRNILQAALEAMRRAASGCRPPPDFVLVDGNQWDRNLVDAPWPHETVVKGDAKSQSIAAASILAKTERDALMRDLHEAHPEYDWASNVGYPTQQHYDALREHGATPHHRQSFTLFRD,1,train
Q2S2B5,MEPLPASFFNRPTVSVARDLLGARLVHEAPTGTRLVGRIVETEAYTEDDPACHASHLSRDPETGEVVGQGRGQDLFAAPGTAYVYLIYGVHWLLNVVTEPEGTAGAVLVRAVEPEEGLQDMRTERGVDRRVDLTNGPGKLAEAFGIDGEFHQTRLTARPLFFADGDSVDDEQVARSSRIGISKGVERSWRWYVAANRFVSPASPSG,1,train
Q2S232,MSVKLRLRRIGRKKIPVYSIVAADQRNARDGRYIEDIGRYFPLREPAEVRLEEDRALYWLENGAQPSDTVRSILRRRGLLLHHHLKKKGESPGEIESAVEEFRERMAEQGEEVKIAVGTRGQDPLERERERAEEIDEEAQLRAQATPLSAVQEETEAEEAEDVETADAEDADAASETDEPEAAADEADETDASADADDNEEPEDE,1,train
Q2S3P0,MARYRGPKQKIARRFKEPIFGPSKALERKPYPPGQHGQSRRRRESEYAVQLKEKQKTKYTYGLLERQFKNLFDKASRMQGVTGEKLLILLEARLDNTVFRMGIARTRRQARQFVAHRHIMVNDEVVDIPSYEMSPDDVVSVKPSSQDLEVIQTNVEHRQRTFSWLEMDRQEMKGKFIDYPNREEIPENIDEQLIVELYSK,1,train
Q2S2A1,MSTPSFSPRTATVERTTAETDVSVALTLDGDGSYDVDTGVGFFDHMLSLFAKHGALDLEVRCDGDLEVDDHHTVEDVAIGLGRALDDALGDKAHIARYGHAYVPMDDALARAVVDLSGRSYCHLEASFERNQVGGLSTELVEHVWRSVADHARCNLHLTVLRGHNAHHKIEALFKAAARALRTAVRRRADHAEVASTKGTLA,1,train
Q2S5C8,MIDYVSGTLVDKTTDSALVDVNGLGYRVHVPTSTYKRLPDTDEEVTLHTYHYLREDDESLYGFATKAERTVFETMTGVSRVGPKLALSALSAMTPTELRDHVMEGDKSRLTQISGVGTKTADRLIVELRDRLADLDVLEDTSPLSGGSDARAEARADALEALTELGLSKADAERSIRQVLRDNAGIQSADELVRRALKADQE,1,train
Q2S6J5,MPDRNIVVLTAPSGAGKTTIAHRVLEAMPDMQFSVSATTRAARPDETDGVDYHFLSPEEFRARIDAGDLLEYEEVYPDQFYGTLRSEVEDRAEDGPVLLDIDVKGALNVKRIFGDDALILFVAPPSLDELQRRLEGRGTEDRESLQDRLDRVEQEMDRADDCDAVVVNDDLDPAVEETLTRIRQFLSS,1,train
Q2S0V3,MTVGLFGGSFNPPHVAHLVVAEVVRDQFGLDEVWWIPNATPPHKPNDELAAVQHRLAMTERTVEGNPAFRVCGVEVERDGVSYTVETLRVLQDQHPDTDFALILGSDSLDHFADWHRPDEIAERVPFIVYKRPGAIESVADPRFVNDVRYAAAPVMEISGTEVRARRRAGRSIRYLVPEAVRAYIDTHDLYRPTD,1,train
Q2S316,MILPIYVYGHEALRNETDPVQENTEALQELIDNMIETMHNAAGIGLAAPQVGRTERLFVVDLTPMADEIAEAGEPLPPQPMVFINPEIVEESEDTAEMEEGCLSIPEVREAVARPERIRMRYRDREFEEQELEAGGMLSRVLQHERDHLDGVLFTDYLSSFRKRLLRRPLREMVNGEVEADYPLVTKDDETVPSR,1,train
Q2S3Q2,MADVPRLQKQYQDEVRPSLTDQFGYENPMEVPRLEKICVNRGVGEVSENQKALDQAVEEMRKITGQHPTIRRAKRSIASFDVREGMPVGVKVTLREARMYEFFDRLVTLALPNIRDFRGVPDRSFDGRGNYTLGIDEQIIFPEIDVDNVDRIDGMDITFVTDAETDEESYALLKGLGMPFVRRGDEEPAEA,1,train
Q2RZ65,MIILGVDPGSRATGYGLVDPSGGDEHLVAADTIRLADTDDHPTRLKQIYDALVDVIDAHGPDEFAVEMPVYGQNPQSMLKLGRAQAAAMMAALNRDLPVAQYTPKEVKKSVTGNGNASKKQVGFMIESILSAREQTFAHDTADALAIALCHGNRDAHDDGDSYTGWASFVDANPDRVSE,1,train
Q2S433,MSQRTVTRRYAAALYEEANANGVLEAVDEDVRMLLESLDSNRPLVRVFESPVIPQDKKDSIVRELLGDRVEDLTVRFLRLLIRKDRETMTEAILDQYQTLRDEQRGIVDAEVTVARPLADETRTTLVGVLEEKTGKEIRLHLHEDADLIGGLVVRIGDRVFDASVRSQLGALHDRLREATLSENALDDGA,1,train
Q2S4D2,MSTPSLLAIGLGNPGAEYEDTRHNVGHQVIDGLSGRLDISLQHQSDALVGWGRYVDQKIGLAVPLTYMNRSGDAVAGLRAHYDLPIDRLLVIVDDLHLPVGTIRLRPTGSSGGHNGLAHVAQRLGTTEFSRLRVGIGNDFPEGRQSDYVLSPFTDEQRPAARSAREDAEDAVLTMARDDIDAAMNRFN,1,train
Q2S6J3,MPDDPIQDILDEADEEMEESVSYMRSELRTIRAGRASPAMLENVTVEYYGSQTPLEQVASVSAPQPDLIVVQPFDRNAIENIERGIMKADLGLNPNNDGEKIRIPIPPLSEERRKELVETSRERAEETKISIRNIRRDAKNEIQNVVEAENFSEDVLYGAEEDLQDITDAHTETVEGLLEQKTEQIMDV,1,train
Q2S591,MPDSDEVDLGPGTLLISAPMMQDPNFRRSVVLLCEHNDREGTFGLILNRELDVSLGDVLDEYVTYDPPLYMGGPVQRETLHYLHTREDIPGGVALPGDMTWGGDFEAVQQLAKGGDAAPDNLRFFLGYAGWGPGQLEGELGEEAWIPAPGAAEFVFDTDPDQLWRAILRRMGGEYAVLANFPDDPRMN,1,train
Q2S3P9,MARIGDNPIPFGDEVTVSVDDHNVVTIEGPKGTLTEQIDPEMTLDIADDHVVVRRPTNQKRHRSLHGLSRSLIVNMVEGVTEGYKKELKIIGVGYRAQMSDETLEIALGYSHPIYFLPPSDVAVSVDSDRGQDDIIIVEGIDKELVGQVAAKIRSLRPPEPYKGKGVRYVDEHVPLKAGKTAAR,1,train
Q2S434,MTALFAQSLVTPSVGLIFWKTVAFLIFLYILYRFGWGPITESLEEREEEIEHSIQRAEEALEEAKAIQAENEEARREAEQKAQQILREARDSAEELREEEKAKTRREIQEMKEQAQAEIEREKQAALQELRDEVADLAIEAAQKIIENDLDADRHRQLVDDALDDFPTN,1,train
Q2S211,MRIGFGYDVHRLVEGRPLILGGVQVPHDRGLAGHSDADVLLHAVADALLGAAALGDLGAHFPDTDAKWKDADSQALLRRVVERVQHAGYAPHNVDATVLLERPKLRPHVDEMRTNIARALSFPRDAVSVKATTTEGIGFVGREEGVAAQAACTIQSA,1,train
Q2S3R8,MSRNEAPEQRTTQPDPVYRDDMVSRFVNAIMRDGKKSLARRIVYDTFDVIEERTGEEEGLEVFKKAVNNAAPLVEVRSRRVGGATYQVPTEVRPERRITLAFRWIIQYARARNEKSMVNRLASELVDAARGEGGAVKKKDDTHRMAESNKAFAHFQF,1,train
Q2S237,MAEGTEVVARNKKAQFEYDIEETLEAGLVLEGSEVKSVRQGKASLDGAYCQVDREGEMKIHGMYIKPYEEAGPFGHEPRRNRKLLLHDQQIGKWGQMAEQEGYTIVPLSLYFRDGWAKLKIGIAKGRQKHDKRQAIKEREMERRLEREQSDYNF,1,train
Q2S3N1,MPTHLEGDLVVDGHRFALVVGRFNEHVTEDLLGGALDTLERHGADLDEVTVVHVPGSWEIPVAAQKCARTGDYDAVICLGAVVRGETPHFDYVCSGATSGTMQTSLDTEVPVLFGILTTDTVDQAIARAGSKAGNKGREAAEAAIEMATLMPKLEG,1,train
Q2S2U0,MQIILLNDVDHLGEKGEVHEVADGYGRNYLIPQGLARVATDGAIRQLRDEQQQQARKEAAKKEQVEELKDELEDMQVVFTAKVGEDNRIFGTVTTQQIAVELSNRGFNIDRRDIELDEDIRFVGAYTASIDLGYGIEATLDIQVIPESG,1,train
Q2S6I8,MDTQSFKTFNAKPDEVERDWYVVDATNQVVGRLASQIARVLRGKHKPTFTPHVDTGDYVIVVNADKARFTGKKEKQKEYHEYSGYPGGDHSHSPEEMRADKPTYIIREAVEGMLPTGPLGRDTFKKLKVYAGPDHPHEAQQPEPLDNA,1,train
Q2S1Q1,MAAPVEQTIKLQIKGGQANPAPPIGPALGQHGVNIMEFCKAFNSRTEDRMGTLLPVEITVYADRSFDFIVKSPPASVLLKQKADIETAAGDPLRDDAGTVTWDDCLDIADQKLQDLNAHTVEKGASMVAGTARSMGITVEGKPAHE,1,train
Q2S3Q7,MLEPKDTKHRKVQRNQGLKRNKYAVKGTRLSFGDYGLKSLEEGEVNSRQLEAARVAINRYLKRDGKVWIRVFPDKPKTKTPAETRMGKGKGEPEHFVAPVQPGNVIFEVGGGADEESAREALRLGKHKLPLKTKFVVRPGSRAEE,1,train
Q2S3N5,MSTLSSEARVVGIDVGTKRVGVAVADPLRLFAQPHGTYAPDEALDVLQALRDADGIARIVVGWPLTEEGTAEEATEMVEAYVERIREALGTVEVAREDERYTSEIAKDLLREAGVSQPGRYDKGRVDAAAAAVILQGFLNRTG,1,train
Q2S3M6,MATERTLAILKPDCVRKEKVGEVLRRIQDAGFQLCAMKMITMSKAEAEGFYAVHEDKPFFDDLTDFMSSGPCVPVVLEKENAIADFRELIGATDPDEAAEGTIRSDFAGSIQENIVHGSDSPSNGQKEAGYFFPEHEIVANT,1,train
Q2S3T1,MSDPLLDAADFTDDGLIPAIVQDAETDQVLMMAYMTAETLQETLDTGRMVYWSRSRQERWVKGQTSGHTQTVEEARLDCDGDTLLFRVHQEGGACHTGFRSCFHRRAADDGWTTDGEKVFDPDAVYE,1,train
Q2S3P1,MADGDDRGGKRTPQKKNVVVESNGRAYVKATFNNVIVTLTDQYGNTISWASAGKMGFKGSRKNTPYAAQKAGESAANEAYELGLRRVDVYVKGPGSGREGAIRAMSESGLEVASIRDVTPLPHNGCRPPKRRRV,1,train
Q2S3Q0,MSGISDPVSNYMAQLRNAQEAEQTYVDIPASKLKRAMTQILLEKGYIKNFVNIDDEKQGLLRVYLKYDEYDQPAIRMLERVSRPGRREYADSDNLPEVKNGLGIVILSTSRGVMSDKEARRFGVGGEVLAKVF,1,train
Q2S3R9,MPTTQQLIRKGRKTEEETSDAPALEGSPQRRGVCTRVYTTTPKKPNSALRKVARVRLTNGNEVTAYIPGEGHNLQEHSIVLVRGGRVKDLPGVKYHIVRGALDTAGVEERRQGRSKYGTKKPRE,1,train
Q2S1Q4,MADIEELAEQLVGLTIQEANELANHLEEEYDIQPASAGVAVAADGGGGADGDAEEEEQTAFDVVLTGIGGNKIQVIKEVRSITGMGLKEAKSLVDEAPNPVSEGVSREEADDLKAQIEDAGGEVELQ,1,train
Q2S3P2,MPRIEGVDVPDDKRGEIALTDIYGVGQSRASEILEKAEVSVDKRPREWTESETKRVRRIIEEDYTVEGQLRTEVQMNIKRLKEIGCYRGKRHREGLPVNGQRTRTNARTRKGKRKTVAGRSQSTQKK,1,train
Q2S0U9,MDTPDDLYYTDDHEWLRVENGTATVGITDFAQSELGDIVFVELEPEGTKLGQDDIFGTVEAVKTVSELYMPVGGTITAINTELELSPEVVNEDPYGDGWMIEIELAAPDEAEELMGADAYAEVT,1,train
Q2S3Q4,MIQQETRLNVADNSGAKEAQCIRVLGSSGRRYAGIGDQIVVSVKSAIPSGEINKGDVSRAVVVRTAKETRREDGTYIRFDENAAVLINQEEEPVGTRVFGPVAREVREKQFMRIVSLAPEVL,1,train
Q2S3Q9,MQARAVRRHIRSSPLKMRRVINLVRDRSVPEAVAILDYMPQKVTGVVEKTIRSAVYNLMDQHDERFDEGALKLKEIRADEGPTFQRHQARARGRAAPIRKRTTHLKVVVAVEEEAPEEAAA,1,train
Q2S3P8,MPKGKKEKVERRQRIHDSIRESMFGTSVRPRLSVYRSNEHIYAQLVDDMEGHTLTSASTLADDVEGETPTEESRSVGELLAERAEDAGIDKAVFDRGGYKYQGRVRALAEGARDGGLQL,1,train
Q2RYT5,MPRATNKPATRRRRKKILNKAKGYWGRRSKVYKVAKHAVEKGLQYAYRDRRQKKRRFRRLWITRINAATRQHDVSYSQFMGQYRKSDLDMNRKVLADLAVHDPDAFEQIVDHVME,1,train
Q2S3R5,MAAQQDIRIKLKSYDHTLIDKSAEKIIRTVKSTGAVVSGPVPLPTEKKIYTVLRGPHVDKKSREQFERRHHKRLIDILSSSSDTVDSLMQLELPSGVDVEIKV,1,train
Q2S3R0,MPRSLRKGPYVYYKLQRKVDALNESDEKKVIKTWSRDSIITPDFVGHTFAVHNGHQFIPVYVTENMVGHKLGEFAPTRTFTEHSQAKVDQRIRKPGQ,1,train
Q2S325,MSVTRDDVRHVAQLARLDFSEEEEARMAEELSEILGYVEKLDELDTAGVPPMSHVLDVTNVFRSDEIEERIDRGQALEPAPDADNEHFLVPQVVE,1,train
Q2S440,MPRHESAKKRMRQNEKRQKRNKSQKSRVRTKIKTLRSLDDKEEAEELLNDVKGDLDRLAAKGIIHENKAANRKSKLEKHVDALE,1,train
Q2S3Q1,MAKKSWIAREEKRERLYEKHKEERRRLKEEEKWVELQKLPRDSSPVRQNNRCELCGRQRGYLRKFGVCRICFRELALEGKIPGIRKASW,1,train
Q2S1P0,MITQEEQQKIIDRFGNGPNDTGTPEVQIAIFTKRIEHLTEHLEDHPNDNSTRQGLLDLVGKRRRLLNYLQENEIERYRTIRDELELRK,1,train
Q2S2N8,MAHKKAMGSTENTRDSNPSYLGVKSYGGEHVHAGSIIVRQRGTKFHPGHNVGRGSDDTLFAKDHGVVKFARSGGDRKYVHVVPEEA,1,train
Q2S3P3,MAKEEAIEKDGEVIEALPNAQFRVRLENGHEILGLLSGKMRMNYIKILPGDRVKVEMSPYDLSKGRIVYRYKN,1,train
Q2RYT6,MPKMKSHSGAKKRFKKTGNGKIKRKKANKGHLLTKKNAKRKRQLRKSVVVDDKANRDRIKRMLST,1,train
Q2S6I6,MAVPKRRHSKSRTRKRRSTYYNELEPPQLMECNNCGNPKVMHRACKHCGHYRGRQVIEPSDELIA,1,train
Q2S6K1,MATGDRVQVILECTEEPGTSRYHTTKNRKNTSDRLELMKYNPVLQKHTLHREKK,1,train
Q3B1H7,MADATSTPSIDFSKIQSVIEAPDLLKVQLDSFHNFIQDSVPLAKRREQGLEKVLRSAFPITDTRGLYLLEYISYSFDKPKYTVEDCIERGLTYDVSLKVKLKLSYKDEADETDWKETIQQEVYLGRIPYMTERGTFIVNGAERVVVAQLHRSPGVVFSEAVHPNGKKMYSAKIVPTRGSWIEFQTDINNQIFVYIDQKKNFLVTALLRAIGFTRDEDILGLFDLVEEVPMKAAKRERLVGQYLASDIVDMQTGEVVSARTAITEEVFEQIQAAGYKSVKIMKSFNGSDKGQDKSIVINTILNDSSATEEEALEIVYEELRANEAPDIDAARSFLERTFFNQKKYDLGEVGRYRIGKKLSREFSEMDEYLGGKGELKQLSDTIHQKILQTIQSFSDEPIGEEVLVLTHLDIIAVINYLIKLVNGQAEVDDVDHLANRRVRSVGEQLAAQFVIGLARMGKNVREKLNSRDSDKIAPADLINARTVSSVVSSFFATSQLSQFMDQTNPLAEMTNKRRVSALGPGGLTRERAGFEVRDVHYTHYGRLCPIETPEGPNIGLISSLSVYAEINDKGFIQTPYRVVEKGHVTDTVVMLSAEDEENKITVPVSIPIDANNNIAVESVQARTKGDYPLVPSEDVNYMDVSPVQIVSAAAALIPFLEHDDGNRALMGANMQRQAVPLLVSEAPVVGTGMEAKVARDSRSVILGEGPGFVEEVTSEFIKVRYDIDTENNEHMSLLDPDEGLKTYRMIKFKRSNQDTCISQRPIVKNGQKVDKGTVLADSSSTEDGELALGKNVLVAFMPWRGYNFEDAIILSERLVYDDVFTSIHVHEFEANVRDTKRGEEQFTRDIYNVSDEALRNLDENGIVRIGAEVKERDILVGKITPKGESDPTPEEKLLRAIFGDKSSDVKDASMHVPAGMKGIVIKTKLFSRKKKVGMDVKEKLELIDARFERREIELRKSFEKWLRQMLQGKKVKGLTSDKGKVLADEGAAFDDALLAKFSSQPFLESIDFTLGVTGTKKVDEAVIRLVKEFRFKLKDLADERDNEKYKVNVGDELPPGIEELAKVYIAQKRKIQVGDKMAGRHGNKGVVGKILPIEDMPFMADGTPVDIVLNPLGVPSRMNIGQLYETSLGWAAKKLGVKFKTPIFNGATYEEVQAELERAGLPMHGKVRLYDGRTGEQFDDEVTVGYIYMLKLSHLVDDKIHARSTGPYSLITQQPLGGKAQFGGQRFGEMEVWALEAYGAANILREMLTVKSDDVVGRNKTYEAIVKGQNLPEPGIPESFNVLIRELQGLGLEIRIDDRVP,0,train
Q3B4Z2,MKISVNWLKDFLPSFSPDITSLVEKLTFLGLEVEDVESTPLPDLRVVVGRVQSVALHPDADRLRICMVDTGLEEPLQIVCGAPNVAEGMLVPVATEGSRLTMQDGTSFVIKPSKIRGQRSFGMICAADELGLSADHSGVMELDSSYAVGEPFARYLDSDTVLDIAVTPNRPDVLSHLGIARELGSAPDAILFPEEAPLEFSADSPLVQVMDSGACPLYVGVIIRGVTVGPSPRWLSARLESIGLRPKNNIVDITNFILHALGQPLHAFDLQKLKGGRVIVRSDFSGSFTTLGAEQCTVEPGMPVICDTQMPVALAGVMGGLDSAVGEGTVDILLEAACFAPSAVRRSARKAGISSDSSYRFERGIDIRNVLPAARAAVALILETAGGTVGEATLQGDPSPALLVLPFRPRRANELLGTAIETDAMQAMLARIGFRTLALDEGVMQVEVPSCRIDVLQEIDLIEEVARLHGYDNIEASGRLAATYPASRTRPGYFPDFLRGVAVGLDFREVLTNPLIRREEAAPFGDGLVSVLNPISEGLEVLRPGLVPGMLKVIAHNIRHGNRDMRLFEVAHGFSVADPSGAAEQGPLGAYCEKEWLVLALTGNRYPRSWNQPPDRVDFYDAVGAAEMLLGKLNLLDKSAVNIYNENTVSIDLELTEGKKKRSQRAGRAMRLDSALLSQFGIEQDVFTVELDVSVLEMLYSPDVVYDPPSKFPAVQRDLSFILPGTVPVQSLVGLVRSSDPLIRDVSVFDVFERGSGGGGERSVGLSISIADHSGTLQEGRISEILRTVGVNAESKLGAVIRQV,0,train
Q3B3Y0,MKTIEPEVNLALAAEHGLNAEEYQKIQEVLGRTPTFTELGIFSVMWSEHCSYKNSIAVLKTLPREGEALLTGAGEENAGLVDIGDNLAVAFKIESHNHPSAVEPYQGAATGVGGIHRDIFTMGARPVASLNSLRFGSPKDPRVRYLVDGVVRGIGDYGNSFGVPTVGGEIYFEDCYTGNPLVNAMSVGIVEHHKTVSATAEGEGNPVLIVGSSTGRDGIHGATFASEDLSEASEDKRPSVQVGDPFAEKLLLEATLEAIATGYVAGLQDMGAAGITSSTSEMSARGIEKNGNGGITIDLDLVPAREAGMSAYEIMLSESQERMLIVAEKGHEDDIIAVYRKWDVQAVVVGTVTSDNHVKVLHHGELVADIPAESLVLGGGAPVYIREAVGKKPDTAPAALLPDAGLDLRALALELLKRPNIASKRWVYRQYDSMVQTNTVTPVGHTDAAVIRIRGTKKGLAMKTDCNSRYVYLNPLAGGRIAVAECARNIACSGARPLAITNCLNFGNPYKPEVYFQFKTSVQGMGDACRAFNTPVTGGNVSFYNESTHGGGRAAIYPTPTIGMIGLLDDIDNLVGSAFTTAGDAIILFGDPLLKLEGSEFQVMQYGTPGTDAPDIDLQHEKNLQDLLVTLAEQKLLHSAHDVSDGGLFVTLAEKAIMDESRQLGFQVDLEDCGSGPYRVQEQLFSEAQGRVVGTIAPDAARAVIEEAIRHSVPVRVIGQVVPADASLAVDGHETLRFTTEELTAAYYDALENALHLNELL,0,train
Q3B2E2,MIITKEINLGQGKTISIETGRMAKQADGATVVRMGDTMVIATVVSSRKTPSVNQDFFPLQVEYREKYYAAGKFPGGFFKREARPSEKEILSARLIDRALRPLFPTGYYHETQVIINVISSDQQNDADVLGGLAASAAIMVSDIPFENAMSEVRVGRVNGLFIINPTIDELEGSDIDISIGGTADTICMLEGEMKEISEAEMLDAIKFGHEAIKKLCQLQNELAGEVAKAKRPFTPLQVPAELSEYVKNACESSLKELAYKPLAKEVRADETKAIYSETVKKAIEHFSAAFGPEALAADPSKALCLNEHIIEEEIHSFEKNVMRRMILDDGKRLDGRNLEQVRPITIELGVIPRAHGSALFTRGETQALVAVTLGTKKDAQSVDTLTNSADKRFMLHYNFPPFSVGEVGRLGSTGRREIGHGNLAERSIKMVAPGEQEFPYTVRIVSEILESNGSSSMASVCGGTLALMDGGVPLKKPVSGIAMGLIKDGEEYAVLSDILGNEDHLGDMDFKVAGTRDGITACQMDIKIDGLDYHILENALAQARRGRFHILDKMEEAIPASREELAQYAPRLTAIQVPVESIGLIIGKGGETIRSITEETGAEINIEDDGTVTIACSSNEGTKAAVEIIKALIAKPEVGTIYVGKVRDVRDELGAFVEFIPKTDGLVHISEISRERVTKVSDHLKVGDRIKVKLVDIRKDPRTGKTRFALSMKAVDEEPVNGTEAGAAPENN,0,train
Q3B3N3,MAQFKRTLVTTALPYANGPVHLGHLAGVYLPADIYVRHKRLKGEEVLHIGGSDEHGVPITITAEKEGISPRDVVDRYHRMNLEAFLKCGISFDCYGRTSSELHHETAQEFFLELERKGIFNRRTEKLFYDAEGGRFLSDRYVSGTCPICGSTEASGDQCEQCGTHLSPMELINPKSKISNATPELRDTLHWYFPLGRYQAELERFVNSHEDDWRSNVLNYTRTWLKGGLNDRAITRDLNWGIKVPLGEAEAVGKVLYVWFDAVLGYISFTRQWAEEQGDRDLWRHWWQNPETRLVQFIGKDNVVFHTLMLPAILMAWNEGREDGIYNLADNVPASEFMNFEGRKFSKSRNYAVYLGEFLQKFPADTLRYSIAMNYPENKDTDFSWTDFQNRTNGELADTLGNFIKRSIDFTNSRFGGEVPHSCTVQEWEGLGIDWYATQSQLDQAYEGFHFREAATIAMDIARAANRFLTSAEPWKAIKTDPEAAGRTMALSLNLCHALSIALYPVIPETCDRIHRMLGFKGGVDGLVRKCEPILKTLLEPALPMGHKLSPESEILFRKIEDQEIQPELQKIEQLVREAEAREAGAIEVKIEFKPAIGFDDFQKVDLRVATVRAAEKVKKASKLLKLQVQVGSTQRQVLAGVAEHYSPEEMVGKNVLLVANLAPRTIRGEISEGMLLAVEGEGGRLFMVEPQGEKINGQSVQ,0,train
Q3B6G4,MTRQVALDKVRNIGIMAHIDAGKTTTTERILYYTGRLHRMGEVHDGGATMDWMDQEKERGITITSAATTCFWAPKFGNYEGEKHRINIIDTPGHVDFTVEVERSLRVLDGAVALFCAVGGVEPQSETVWRQANKYGVPRVAYVNKMDRTGADFFDTVKSIKERLSANPVPIQIPIGEGEIFAGFVDLIRMKGIIYDKEDGSTYEEVAIPHDLENEARTWRINMLEAVSEVDESLLEKYLNGEDITEMEIRKVLRQATLKVSIIPVLCGSSFKNKGVQFMLDAVVDYLASPLDDGEVEGHHPRTEEPVVRHPNDDEPFAGLAFKIATDPFVGKLTFFRVYSGTLKAGSYVLNSITGKKERIGRVLQMHSNKREDIDCVYAGDIAAAVGLKEVRTGDTLCDENNPVVLEKMVFPEPVIQIAIEPKTKADSDKLGMSLAKLAEEDPTFRVKTDDETGQTLIAGMGELHLEILVDRLKREFKVEANVGQPQVAYRETIRAKVDFEGKFVRQSGGKGQFGLVNLTVEPLEEGKGYEFVDAVKGGVIPREYIPAVNAGIQQAMKDGVVAGYPMQDIKVTLYDGKYHDVDSSEMAFKIAGSIGFKGGARKASPVLLEPIMKVEVVTPEEYLGDVMGDLSSRRGHIEGMGQRAGAQFVHAKVPLSAMFGYSTDLRSMTQGRANYSMEFESYREVPKNIADALQDKRVTKDDY,0,train
Q3B278,MVSMHREDAQRREAEELRREIERHNHLYYVEAKPEISDYDFDRLLLRLIELEREHPELVTPDSPTGRVGGAVTREFPPVEHREPMLSLSNTYSIGEVEEFSARVGRLLEAEGIRDRDMVAELKFDGVAVSLLYRDGVLVRGATRGNGRRGDDITVNLRTVPTVPLRLQTLDTPFSLGEGREVEVRGEVFMRKEDFTALNDTRPEEDRFANPRNATAGTLKLQDSAEVAVRRLWFVAYYLDGIQDPDTPHFHRLQLLETAGFFTGGHYRLCKGMQEIAAFIARWNEERWHLPYETDGVVLKLNDVRQWKTLGATSKSPRWAIAYKYPAQQATTVLRDVVFQVGRLGTITPVAELEPVRLAGSTVSRSTLHNFDEMRRLGIMIGDRVVIEKSGEVIPKVIRVVTEARPVDARLVELPSRCPACSTPIVREEGEVGFYCPNEAGCPAQLKGRILHFASRNAMDIQNLGEALVEQLVAFGLVHDPGDLYFLQEPQLRNLERMGPKSAQNVVRALDESRSQSYARLLFALGIRHVGQATARELARAFPSIEALEAASEEELADVADIGPVIARSIREWFEAPAVSALLEKLRDARLPLAAEDPKPLINSNFEGLSVVFTGALLRHDRQSASELVLERGGKIVSTVSKKTGLVVAGREAGSKLEKALKLGLRVISEEEFEAML,0,train
Q3B577,MGKIIGIDLGTTNSCVAVMQGTQPTVIENSEGNRTTPSMVAFTKTGDRLVGQAAKRQAITNPKNTIFSIKRFIGRKFDEVPNEKKIAPYEVVNEGGEARVKINDKTYSPQEVSAMILQKMKQTAEDFLGEKVTEAVITVPAYFNDAQRQATKDAGRIAGLEVKRIINEPTAAALAYGLDRKQTSEKVAVFDLGGGTFDISILELGDGVFEVKSTDGDTHLGGDDFDQKIIDFLADEFKKQEGVDLRNDAIALQRLKEAGEKAKVELSSRTDTEINLPFITATPEGPKHLVINLTRAKFEGMCSDLFDKILEPCRRAVKNSKVEMKDIDEIVLVGGSTRIPKVQALVKEFFGKEPNRSVNPDEVVAIGAAIQGGVLKGDVTDVLLLDVTPLSLGIETLGGVMTKLIDANTTIPTRKQEVFSTAGDNQTSVEVHVLQGERPLAVDNKTLGRFHLGDIPPAPRGMPQIEVTFDIDSNGILNVSAKDKATGKEQSIKIESSSKLTDAEVEKMKEDAKVHAEEDQKRKEEIEVKNSADSLIFSTEKQLSELGEKIPADKKPVIEGALEKLKDAHKNGTIESIKGAMDELSKVWGEVASNLYQAEAPGADAPEGQAPQDGGSKKGGEGAVENAEYEVIDGDGK,0,train
Q3B6Y3,MYDVIVAGAGHAGTEAALAVSRSGLSCLLVTTDLNAVARMSCNPAIGGVAKGQITREIDALGGEMAKAIDSTGIQFRMLNLSKGPAMHSPRAQADRVAYTAYMKRALEEEVNLDLLQDTVTGIEQREGILRGVRLLSGRLVTGRAAILTCGTFLNGLIHIGMDHYPGGRTIAEPPVTGLTENLILAGFEAGRLKTGTPPRIDRRSVDYSRVEEQKGDENPPPFSFSTPTLKGRAQLSCYVTHSSERTHEILKTGFDRSPLFTGKVQGIGPRYCPSIEDKIFRFPDRPGHHIFLEPEGFETNEMYVNGFSTSLPEDIQIDGLRSMKGLEEVKLIRAGYAIEYDYFPPYQIHSTLETKRIRNLYFAGQINGTSGYEEAAAQGLLAGINAAADILKRPALRLKRSDAYIGVLVDDLVTKEMKEPYRMFTSSAEHRLMLRHDNADIRLMHFGHQSGLVSDAAMERCRTKMRAIGEIKALTEKTAIPAEVLDSLISKQGQPHAASGQKISAAIKRPGMSLEILMNSLPPFREALLSISTDKEAHQQVEIDLKYEGYLKRELLTADKIARLDALQIPSEYNYSCIKGLSSEGVEKLISHRPETLGQASRISGVSPSDISVLMVHIGR,0,train
Q3B5K8,MAAETDTTLPELRETVASLPTGPGIYQFKNSAGKVIYVGKAKNIRSRVRSYFRDPRQLTGKTQVLVGHITDLEIIITSSEVEALILENNLIKELKPRYNVNLKDDKTYPWLVITGEPFPRVFISRNRTRDKSTWFGPYTEAGQLRSILELIGSIFPVRSCRYSLTPENIAAKKHKLCLDYHIGKCKGPCEGLQNEAEYLEMIGEIVRLLKGRTAGLLKELHEKMLTAAAELRFEEAAELKMQLQSLRRYADRQKMVAADGMDRDVSAIASGDDEACGVVFRIREGKMLGARHFILTNTAGEPEKKLLGKVLEGYYLKSPEAMPEEVLLSAQLDLEDTESLQALSREREEECPTRRKAVKFTVPQIGEKAHLVEMCRQNARHHLAEYLVQKQKRGEAAREHYGVKALGESLHLETPPKRIECFDNSHLQGTDYVSSMVCFVNGKPLKSAYRKFRLQSLEEACGTGSSDDYAAMEQVLGRRYGGSLQDELPLPDLIVVDGGKGQANSAKKVLDRLGITVPVIGLAKRLEEVFTPDADGPFNLPKTSPALKLLQQLRDEAHRFAITYHRNIRSKRTLETGLTTIPGVGEKIAFALLERFGSVDGVAAASAEELSQFAGKVKGMSIFRHYHP,0,train
Q3B3A1,MTKEAGELNALKNRFRTDYCGQLGLDGEGREVRLGGWVHRIRDHGGLVFIDLRDHTGICQLVVQPEREELFELAGRLHAESVITIEGRVVARSSETINPRLASGSIEVVVSAIGVESHARPLPFPVADEVQTSEELRLKYRFIDLRREKIHENIIFRSRISAAIRRYLEERDFIEIQTPILTSSSPEGARDFLVPSRLHPGKFYALPQAPQQFKQLLMVAGFPRYFQIAPCFRDEDARADRSPGEFYQLDMEMAFIEQDDLFEILEGMFRHLTDTMSKKRITRFPFPRISYREVMDSYGTDKPDLRIPLKIEDVTPMFTDSGFKVFASNTKPGCAVKALVLKGRGTESRLFYDKAEKRARELGSAGLAYIQFREEGPKGPIVKFMTEPELQAMKDQLTLETGDVVFFAAGKWEAACKIMGGMRTYFGDLFTLDPDELSFCWIVDFPMFEYNEDAKKVDFSHNPFSMPQGEMEALETMDPLDVLAYQYDIVCNGIELSSGAIRNHKPEIMYKAFEIAGYSREEVDLRFGHMIEAFKLGAPPHGGIAPGLDRLVMILRDEQNIREVIAFPMNQQAQDLMMAAPSEVTGAQLRELHIRLDLPEEEKK,0,train
Q3B6P1,MARPKNVKYVFVTGGVISSLGKGILSASLGMLLKSRGLRVAIQKYDPYINVDPGTMSPYQHGEVYVTDDGAETDLDLGHYERFLDESTSQASNLTMGRVYKSVIDKERKGEYLGGTVQVVPHVIDEIKDRLAELAKKGNYDVIITEIGGTIGDIESLPFLEAMRQMKLDMGERNLLNIHLTFVPYIKAASELKTKPTQHSVKMLLETGIQPDILVCRSEKPLSREIKNKVGHFCNVNDLDVIGLNDCDTIYEVPLTLLQEKLDMRVLKKLGLKQYHEPDLAKWTDFCRKVKHPEGGEVNVAICGKYTEYPDAYKSILEALVHAGASNNVKVNIRLIRAEDGESKSYDFSKELAGINGILVAPGFGDRGIEGKIEFIRYAREQNIPFLGICLGMQCASVEFARNVCGLPDANSTEFNKRSRFPVIDLMEQQKKVKEKGGTMRLGSYPCIIREGTKAHAVYGKFLINERHRHRFEFNNTFRPAFEEHGMIFSGTSPNGELVEIIEIRDHRWFVAVQFHPELKSRVEKVHPLFHGFVGAAKAYADGVHQPELGARAEVHETPSPAPAPVQQGFAAGENIGTPSFFIEEERPAGDGGQGLS,0,train
Q3B612,MNNRQATTIWSAVLVEELIRQNASMFCISPGSRSTPLTAAVARNPRASWKMFPDERSAGFFALGHARATGRPAVLVCTSGTAVANYFPAVVEASADFVPMIVISADRPFDLQECGANQTIRQDGIFGRYARWHMQLPQPSTEIPLQSLLSTVEHAVAKSLGAPRGPVHLNQPFREPFDPEPLEGQDPWLEPLQAWKLDGRPRTSSAQPERRPDARAMATIRELLATARRPLLIAGSIPSPDDARAVASLADDLRIPLYADLSSGLRLTEGTLAWQQAFATPAFLGRFRPDLVVHFGGRLIARHPSAALKAWKPAHYVVIREHPERYAPDHPVSLSLESSLQTAAEGLMGCRSEPSAIKEPAEGFFLHCSGALDDLTEASIPLSEISAARQISQLITPGEALFTSNSMSVRELDSFAAALQPDGLPCGLNRGASGIDGIISTAAGYGEGLGRKVTLLIGDIAFLHDLNALSLLRSLSRPMRIVLLNNNGGGIFSFLPVASCNDIFEEHFATPQHFHAQHAAGMFGLRYAAPRTNREFEECFLAAGEAPQSTIIEIASSRSENVEQHRTLQARFNAFAETAFTDR,0,train
Q3B5F5,MTAKDILFDADARAKLKVGVDKLANTVKVTLGPAGRNVLIDKKFGAPTSTKDGVTVAKEIELDDAIENMGAQMVREVASKTSDVAGDGTTTATVLAQAIYREGLKNVAAGARPIDLKRGIDRAVKEVVAELRNISRSISGKKEIAQVGTISANNDPEIGELIAEAMDKVGKDGVITVEEAKGMETELKVVEGMQFDRGYLSPYFVTNSETMEAELEDALILIHDKKIGNMKELLPILEKSAQSGRPLLIIAEDIEGEALATLVVNRLRGTLKVCAVKAPGFGDRRKAMLEDIAILTGGTVISEEKGYKLENATVNYLGQAARITVDKDNTTIVEGKGTQDEIKARINEIKGQIDKSTSDYDTEKLQERLAKLSGGVAVLNIGASTEVEMKEKKARVEDALHATRAAVQEGIVVGGGVALIRAIKGLSNAIADNEDQKTGIDIIRRALEEPLRQIVANTGTTDGAVVLERVKQGEGDFGFNARTEQYEDLVAAGVVDPTKVTRSALENAASVASILLTTEACITDIKEDKSDMPAMPPGGMGGMGGMY,0,train
Q3B5Y3,MNTFLLDYNTILTPKKGFPKLFRDYTSEGSQRDSLLGRCFHLDDRKEADYYRQLGLLASRRFQRDSLVDMLQTQNRRFGGGEVREREIEKLRSPRCMAVVTGQQLGLFTGPLYTIYKALSAVVFAERQKALFPEYDFVPVFWLEGEDHDYDEPAHTAIFSGSGLTHFRPETNRRLPDQMVGSTCFDASIQNTLEAFLDMLPPSDYREEVATILRECYFPGNTFEGAFASMLLRLMPKEPLILLSSFDPAFKRMAAGVFTREIETAPASSYNVVAQSSTLEELGYGAQTKPRAVNLFHLNQHGQRQKIEHPSPDLFTLAGESRQYSRHQMLELVSDHPERFSPNVVLRPIVQDTVLPTFAYVAGPGEISYLAQYRRNYEHFGITMPFIVPRGSFTLVEPKISRIMDRMLQVTGRPGFSRKQIYAAVFSDLEGMKKKAVETAENRSLEPLFQEAREEIQRALDRLLPTLSKIDPTLEPMLGASKAQAEKIVENIEQKTWKAGRRKHEELLEQILKAETALFPEGGPQERLLNICYFLNKYGTGLIGTLKEQLQGHSSESHIILEL,0,train
Q3B147,MQSFLVAEIQNALRSASVTTGQSIIIEKPTSPKFGDYATNIAFLAAKELKRNPRQLAEELTGHFRFPEGTVTKTEVAGPGFINFFMEPAFIMQSAERVFREGAEYGKGREGQGKTAIVEYVSANPTGPLTIGRGRGGVLGDCIANLAEAQGYHVNREYYFNDAGRQMQILGESVRYRYMELCGRTIDFPDTHYKGGYIGEIAEKIHSEHGEDLLHVESIEPFRSEAESIIFSSIQKTLGRLGIVHDSFFNEHTLYTADLNGISPNQNVIDRLREKGFIGEYDGATWFLTTKLGQEKDKVLIKSSGEPSYRLPDIAYHVTKYARGFDMIINVFGADHIDEYPDVLEALKILGHDTAHVRIAINQFVTTTVNGETVKMSTRKGNADLLDDLIDDVGPDATRLFFIMRSKDSHLNFDVELAKKQSKDNPVFYLQYAHARICSLLRLAWSEIGFDAAKRPEPGVLMRLTTPEELQLAFGILDFGEASRSAFRMLEPQKMVDYMHSIAELFHRFYQECPILKAEPEIAEARLFLAVAVRQVLQNGFRILGISAPESM,0,train
Q3B1F4,MSTTVRPDEVSSILRKQLAGFESEAEVYDVGTVLQVGDGIARVYGLSKAAAGELLEFPNKVMGMALNLEEDNVGAVLFGDSTEVKEGDTVKRTGILASVPVGEAMLGRVVNPLGVPIDGKGIIDTDIRLPLERRAPGVIYRKSVHEPLQTGLKAIDSMIPIGRGQRELIIGDRQTGKTAVALDTIINQKGKGVYCIYVAIGLKGSTVAQVVNTLEKHGAMEYTTVITATASDPAPLQFIAPFAGAALGEYFRDTGRHALVVYDDLSKQAVAYRQLSLLLRRPPGREAYPGDVFFLHSRLLERAAKITDDIEVAKKMNDLPDALRPMVQGGGSLTALPVIETQAGDVSAYIPTNVISITDGQIFLESNLFNSGQRPAINVGISVSRVGGAAQIKAMKKVAGTLRLDLAQFRELEAFSKFGSDLDKTTKAQLDRGARLVEILKQGQYVPMPVERQVAIIFLGTQGLLDLVAVQHVKKFEEEFLAMLDLKHSDILKSIAETGALEADVAGRLKEAAQKFVTTFNDKVKA,0,train
Q3B1J3,MQSVLVLDFGSQYTQLIARRIRELGIYSEILPYSTTPEAIREHDPKAIILSGGPTSVYGESAILPHPGIFSLGLPILGICYGLQAIANHFGGAVESSSKQEFGRAKILVDRTEGHESMLFKDIPDSDVWMSHGDKVTRMPEGFQITASSGNSEMCAIESFGPKAALKIYGLQFHPEVQHTLYGKQLLSNFLINIAGIRPDWSSKSFIEHQIEDIRQRADKGTVICGISGGVDSTVAAVLVSKAIGKQLHCVFVDNGLLRKNEARKVMEFLKPLGLNITLADSADLFLGRLKGVASPEKKRKIIGRTFIRVFEEHINEEKFLVQGTLYPDVIESQSVKGPSETIKSHHNVGGLPKRMKLKLIEPLRELFKDEVRAVGRELGIPEDILMRHPFPGPGLAVRVLGSLTRERLDILREADEIYIDELKSSGLYQQVWQAFSVLLPVQSVGVMGDKRTYENVLALRAVESTDGMTADWAHLPHDFLAKVSNRIINEVRGINRVAYDISSKPPATIEWE,0,train
Q3B6D2,MPLVIFNSLGREKQLFEPLHPGVVGIYVCGPTVYGHAHLGHAKSYVSFDVVVRWLRESGYRVKYVQNITDVGHLSDDADEGEDKIARQARLEKTDPMEIAQFYTRSFLDDMDRLGVLRPNISPLATGHIPEQIALVDKLVKRGHAYEVNGNVYFSVESFPGYGKLSGRTDLDAVQSGARVGVRSEKHNPSDFALWKKAEEGHLMQWDSPWGMGYPGWHLECSAMSMKYLGDTIDIHGGGMENRFPHHECEIAQSEAANEKPYVRYWMHNNMVTVNGTKMGKSLKNAVNLKEIFKTVDPLAVRFFILQSHYRSPLDYSDTAVAGSTAGLQKLRETRQRLIEATPGTGLLDAAPFSLRFREAMDDDFNTPVAIAALFDFSKALNTALDRPDGLNASSLEAARELFSTAAVTVLGIMTEDAEGGMHDGGRSAETLDEVMGVLMELRSEARKNKDFATSDLIRDHLLAAGIEIKDTREGASWSKTRH,0,train
Q3B6H8,MKYELVVGLEVHCQLNTASKAFCSCSAQFGKPANSNVCPVCLALPGALPVLNRRVVEDAVKLGLATGCAIAPHSVLARKNYFYPDLPKGYQISQFEEPICIEGHLMVDAGEGEKLIRLIRIHIEEDAGKSIHDIGDDTYIDVNRCGVPLLEIVSYPDIRTAKEASTYLQKLRQIVKYLGISDGNMEEGSLRCDANVSLRPVGDEEYGTRTEIKNMNSFKNVEKAIEFEAERHRGILEEGGTIVQETRLWDADKGETRSMRGKEFAHDYRYFPDPDLVPVLVDDEMLRRIRLELPEFPEARASRFVEQYGIPVYDAAVLTVEREMADYFEAVVEVAGDGKVSSNWVMGEVMRTLKEKYLDITAFSVAPSRLGGLIKLIGSGAISNTIAKQVFELMQQSEASAEEIVQREGLAQVSDTGEIERVVDEILAANPDQLAGYREGKVKLFGFFVGQCMARMKGKANPKVVNEVLQRKLEG,0,train
Q3B256,MHMVGKRVRTRFAPSPTGYLHVGGLRTALYNYLFAKKMNGDFIIRIEDTDQSRKVEGAQQNLIKTLEWAGLVPDESPVHGGNFGPYLQSERLELYAGYCRQLLEDGTAYYCFATSEELEENRQLQMKQGLQPKYNRKWLPEDMGGSMPRSESEKMLASGAPYVIRMKVPDYVSVWFEDIIRGPIEFDSATIDDQVLMKSDGFPTYHFASVIDDHLMEFTHIIRGEEWLPSMPKHLLLYEFFGWEPPKYAHLPLLLNPDRSKLSKRQGDVAVEDYIQKGYSQEAIINFIALLGWNEGEGCEQEVYSMEQLIDRFSLERVGKAGSIFTIDKLNWLEKQYIKNRPAEKIIETIRPLLQEELSSKETMLDREVITGDDYLRQVIELMRERVGFEHEFVTFSSYFFFEPETWEEEAVKKRWTSDTPALLSEFLPTLEGLPEFTSDAIEAALKAFVEPKGLKAAVLIHPLRILASGVSFGPSLYHMLEVLGREAVLRRIRKGMECITVPA,0,train
Q3B406,MDTADHHQRYGRVARIRGSVVDVRFERHLPPIHTILETGKDREVKIEVLTQLDDRHIRGIALTGTEGLCRAMAVLDTGMPLRAPVGKQILSRMFDVFGRPIDRGAPPPDVEWRGVHRMPPPLGRRSTRSEVFETGIKIIDLLSPLERGGKAGLFGGAGVGKTVLLTEMIHNMVHRHHGVSIFCGIGERCREGEELYRDMRDAGVLDSMVMVFGQMNEPPGSRFRVGLAALTMAEYFRDDQHEDVLLLIDNIFRFIQAGSEISGMMGQMPSRLGYQPTMGTELSQLEERIANTGTGAITSIQAVYVPADDFTDPAAVHTFSHLSASLTLSRKRAGEGFFPAIDPLQSGSKMTAPSIIGRRHYDLSRQIRRVLAQYSELKDIIAMLGLEQLSAEDRKLVARARRLERFLTQPFFTTEQFTGIEGRMVSLNDTIDGCERILRDEFADYPESSLYMIGTVAEARKNNAVHAP,0,train
Q3B2T0,MADKITARNEDYSQWYIDLVRSAKLADYSDVRGCMVIRPNGYAIWEKMQAALDRMFKETGHVNAYFPLFIPESFIAKEAEHIEGFAPECAVVTHGGGEELAEKLYVRPTSETIIWSSYKKWIQSYRDLPILINQWANVVRWEMRTRLFLRTTEFLWQEGHTAHATPEESQEEVMRMINVYRTFAEEYMAMPVIMGRKTDSEKFAGAEETYCIEAMMQDGKALQAGTSHNLGQNFAKAFDCQFQTKDSRLDYVWATSWGVSTRLIGALIMAHSDDRGLVLPPKLASRQVVIIPILRGDKAAVLEQADAMAASLKAAGIPAFVDGSEQNSPGWKFAEYELQGIPVRIEVGPRDIEKGICIAARRDTLEKSELQLGETLPGAVQEILDAMQKDMYQKALLFREENTVEASSYEEFKAAVEKGFVIAHWDGTAETEEKIKEETKATIRVLPEEDGYIERYRMNEPGTCIYSGKPAAQKVVFAKAY,0,train
Q3B130,MELGKTKRVHIVGIGGAGMSAIAELLLKSGFAVSGSDLSTGEVTDKLQQHGAVIYRGHEAGQVADCDVVVYSSAVRPDANVEISEALKSGIPVVKRDEMLGELMRYKSGICVAGTHGKTTTTAMIATMLIESGESPTVMIGGVSDYLKGSTVVGEGRYMVIEADEFDRAFLRLTPTIAVLNSLESEHMDTYGTLDELKRSFIEFANKVPFYGRVICSVDWPEIRRIIGSLNRRLTTVGIEEPADVTAGDIVMDHGRATFTITAFGTDYPGVCLNVPGRHNILNALSAFATGLELGIEPERLIAGLGRYSGMRRRFQVKFRDSRGLMVIDDYAHHPSEVKATVKAARSGWPDARVIAVFQPHLFSRTLEFADEYGWALSRADGVYVAAVYPSREKQEDFPGVDGALVAEAVRRAGGRQVAFVPDRDELLAAVLNEGAEPAPGGTILLFMGAGDITVLATEVAGRVSGGEGHARA,0,train
Q3B1B4,MPASVVLQQPDIPIAAIATPVGVGALAIVRMSGKGVFGIADRAFRKKSGKAFSFEAAEGFTAHVGTLFDGEGMVDEVVALVFRAPSSFTMEDMVEFTCHGGPVVVRRVLAALLDGGCRLAEPGEFTRRAFLNGRIDLLQAEAIGEMIHARTDGAFRTAVTQMQGGLSRRLLEMREGLLQSCALLELELDFSEEDVEFQSREELRGEVIRLQTELSGLVDSYQHGRLLSEGVSTVIAGRPNAGKSTLLNKLLGEERSIVSHMPGTTRDYIEECFVYDKTMFRLTDTAGLRESEEDVEHEGIERSYRKISEADLILYMLDVSGEGFREEAVSAAALCAGHPEARMILLANKTDLVKDSALRIAALETAAGSPVVPMAARSGEGIEELKLLMASMVEGLDKLHEASVLVTSLRHYEALRNASDALHNALGLIEGGEATELIAFELRSALDYVGEITGKVVSEELLNTIFGQFCIGK,0,train
Q3B127,MKRADLAGRKVSVIGAGRSGNAAVELLLCHGARVLLSEKGALDPDTALRFRQRGAEVESEGHSDRVFDADFAVVSPGVPPGVPVIRELERRQIPVHSEIELASWFCRARIAGITGTDGKTTTATLVQRMAEAVGRLGGYRAYGVGNIGVPFSSKVEEMEERDIAVVELSSYQLERCSSFRPEAALITNITPDHLDRYGGDIMRYADAKYRIAMNLGSSGTLVYNADDPILRARFSVGGLQFSTVPFSTAGPVGGDPSSGIYLEDGWVHAGLRRLIHTSEFQKGSFRGNHNNSNVLGAIGLARALRLDEKAVLQALREFPGVEHRQEFVASKRGSDWINDSKATNVNAMRQALEAVPGRIVLIAGGRDKGNDYSAVATLVREKADLVVAMGESRQKVADAFRADVAVVEAATLEDAVRLAAGGAGTGRTVLFSPGCASFDLFRDFEDRGRSFKAEVGRLEA,0,train
Q3B217,MSLMISVSGIRGVVGESLTPKNLTAFSMAFARWISADRVRRGKTEGKARIVIGRDTRPTGPAILGLVENALALSGCDVLDIGVATTPTVELAVTEEGADGGLIITASHNPVKWNALKMLNSRGEFLDAAEVEELLRIAAEDAPESAGWDAIGTISESRRHDGLHIEKILRLPFINPEAIKKEGFRVLVDCVEGAGASIVPELCRQLGVKEIIPVACGGTGIFPRNPEPIEENLQSSIAALKESGADFALVVDPDVDRLALINEDGTLFGEEYTLVACADFHLRHSPGPVANNLSSSRALRDIAERYGVACYSGKVGEANVTEVMKAKGAVIGGEGNGGVILPELHYGRDALVAIAIFLQAFALWRQSHPRGPLSAFRKEFPDYEMSKQKVELGKNGREKLPELFDAVRNKFPDAAVDMQDGLKLDFPKSWVHLRPSNTEPIVRIYSEAPTKEEAEALATSVQSTLESLNG,0,train
Q3B6D0,MESKPFTLPSQSATVLIGTQFGDEGKGKLVDYLSDQYDIVVRYQGGANAGHTICFDGKSVVLHLIPSGIFNEKCVCVIGNGVVIDPVALLEEIAKVEELGYTVKGRLFISHNAHLIMPYHKRLDALHESAQGGQKIGTTGRGIGPSYEDKFARKGIRVVDLLSPGLLQEKLRENLAEKNKLFRNIYEGDEIDVESMVREYEEFDKLMDPYITNTQLYLNRQLRQGKTVLLEGAQGCLLDVDHGTYPYVTSSSPTSGGACTGSGIAPNHIGKVIGVCKAYMTRVGNGAFPTELNDATGEMLGRVGHEFGATTGRKRRCGWIDLVAMRYSVAVNGITELALTKLDVLDGFEEIKVCNSYMLNGKEIRDFPTDHQTLSAVQPVYTTLKGWMASNAAARTFEGMCPEAREYVAFLERELEVPVTFISVGPGREETVFR,0,train
Q3B1A1,MPTHTRSAELFEKAKKFIPGGVNSPVRAFKSVGGNPIFMAKGQGAYMTDVDGNTYLDYVGSWGPFILGSMHPRITAALEHTLTKIGTSFGTPIEMEIEIAELLTKIVPSIEMVRMVNSGTEATMSAVRLARGCTGRDKIIKFEGCYHGHGDSFLIKAGSGALTLGAPDSPGVTKGTAEDTLNAKYNDIKSVELLVAENKGNIAAIIIEPVAGNTGVIPAKKEFLQALRDLCDREGIVLIFDEVMCGFRVALGGAQELYGITPDLTTMGKIIGGGLPVGAFGGKRSLMENVAPLGGVYQAGTLSGNPLALTAGIETLKILMEENPYPELDRKGAFLEAGFRDNMQKLGLNFVQNRVGSMACLFFTETPVESYDSAITADTEKFGKYFSSMLEQGIYLAPSQFEAMFTSTMHTDADLEKTVKANYVALQAATK,0,train
Q3B1G7,MPVIHKIHARQILDSRGNPTVEVDVYTESSFGRAAVPSGASTGVHEAVELRDGDKGVYLGKGVLKAVENVNTVIDEALRGMLVTEQEEIDARLLELDGTPNKSKLGANALLGVSMACAKAGAEYSGLSLFRYIGGTMANTLPVPMMNVLNGGAHADNTVDFQEFMIMPIGFSTYSDALRCGAEIFHALKALLHSRGLSTAVGDEGGFAPNLRSNEEAIELVVEAIGKAGYKAGSPASKGGLGDAQVMIALDPASSEFYDTEKKKYVFKKSDKRELSSEEMASYWEGWANTYPIISIEDGMAEDDWAGWKLLTEKIGDRVQLVGDDLFVTNSLRLAEGIEKGVGNSILIKVNQIGTLTETLRAIDLAKRNGYTSVISHRSGETEDSTIAQIAVATNAGQIKTGSMSRSDRMSKYNELLRIEEELGEQAIYPGKQAFRV,0,train
Q3B2U3,MTLSDTIMEQLEAVRQASRNIVTLSDQNINKVLEDLAGRITSSAQAILEANRKDLEKMERSNPMYDRLLLDEKRLEGIAADMRNVASLPSPLDITLEERTLSSGLSLRKASVPIGVIGIIYEARPNVTFDVFALCLKSGNATVLKGGSDADHSNRAIAELIHTVLQDHGISPDILYLLPSEREAATIMMEAVGKIDMIIPRGSQQLIDHVRNTAKVPVIETGAGIVHTYVDRDADMEMAKAIVLNAKTRRPSVCNALDTLIIHSDRLGDLAELCRPLSEHQVIIFADKRSYLELLPSYPATLLKHAEPEHYGTEFLSLKMSVKTVDTLDEALSHIATYSSRHSEALITRDNAVKAEFFKRVDAAVVYHNASTAFTDGAQFGLGAEIGISTQKLHARGPMALKELTTYKWMIEGDGQTRPL,0,train
Q3B659,MSVFKGEVTSLPPDKSISHRAALIASLSDGETEIMNFSAGFDNQSTLGVLQACGIPVRQEEVPGPWGTAILRVVIKSKGLWSLTPPSAPLQCNNSGSTMRMFSGILAGQPFQSELVGDASLLKRPMRRIADPLIQMGAGVSLSPIGTAPVVITGSKDLHAIDYRLPVASAQVKSLVAFAGLHAEGETRIYEPLSSRNHTELMLGLEPRVENEERVIVVPGRRQREARPFQIPADPSAACFIVSLGLLARGSEIMIRDVCLNPTRAAFLDILIRAGAAVTIENRRTVGGESIGDILVEGTRDMEPLVISDPQEVAIAIDELPMLGVLSAFATERFELMNAGELRTKESDRIEALALNLERLGFVCHQEPGGLSVTGRKGRPSGPVVVECFDDHRIAMSFAVASKACGEDIELSDREVAGVSFPNFFSLLDALEV,0,train
Q3B1F7,MSERVPSIRAEIVSVGDELLKGQRVNTNASFIARSLGSVGIPVVRVTACSDFESEMASVFREALGRADVVLVTGGLGPTRDDRTRKAAGELLGLGLRLDPDALREVERRVTAHGRTMSELMQGQAMVLDGSRAIPNTRGTAAGMIIPAGERFGGSHLVLMPGVPVEMEAMMELTVQPWLRGLSDTTIIHTPVKTTGIGESTLADMLPDIEDSLPEGTSLAYLPHGAGVDLMVSTIARDPLRAERDNAAVVEAIRERAAAFIFAVGTASLEETIIGMLASGGLTLSVAESCTGGLIASRLTDVPGSSVSLMQGFIVYSNSAKEELLGVSRGLIDTHGAVSEEVACAMALGCLRRSGTSIALATTGIAGPGGGSPEKPVGTLCLAIARQVPGSGPSVGVRTLHMHGDRLQNKHRFSEAALRDLWVALRGEQGG,0,train
Q3B5A4,MLDINYIRQNPEEVATMLHDRQLQGDEPKLQRLLFIDTERRTLVQKTDELKALRNTRSKEIAELKKSGSGSADQLIADMQAVGEEIAGLDSRLSALNMEMEEILLALPNRLDPSVPVGRTAEDNLVFGEPVHFPHPLEFDVKNHLELGKALGILDFERGAKVTGAGFPVYVGKGARLERALINFMLDRHTEEHGYTEVFPPFLVNRDSLRGTGQWPKFADQVYHMEEDELYAIPTAEVPVTNLHRDEMLSAEALPISYAAYSACFRREAGSYGKDTRGFLRVHQFNKVEMVKFTRPEESYAALETIRGHAEAILCALEIPYRVLLLCSGDISANAAKCYDIEVWSPAERKYLEASSCSNFEDYQARRANIRFKADGKSKPEFVHTLNGSGLATSRLMVSIIEHYQTLEGGIRVPEVLVPYTGFSQISPSC,0,train
Q3B5D0,MSFPSLQEQLDIITANTVEIISSAELEQKIQHSIKTGAPLKVKLGADPSRPDLHLGHSVVLRKLREFQDLGHEAILIIGDFTAMIGDPSGKSKTRPQLSAEEARENGASYFEQASKILDPHKTTICYNADWLGNMTFADVIRLSSHYTVARMLERDDFERRYRSSEPISIHEFLYPLAQAMDSVHLRNDVELGGTDQKFNLLVGRDLQREYGILPQVCITMPLLVGTGGEDKMSKSLGNAVCFNDLPSDMYGRVLSIPDTLIENWCRLLLPLTGEGRRAILEGWEEDPRTAKRRLAREIVMQYYSAGEAGAAEEHFDRLFVHKQAPTEIELTRFSEPELPLVDLLTTLGAAASKTDARRMIQQNAVSIDEEKITDVKTIITLSDEPKTLKAGKRKFFRIATAGNS,0,train
Q3B2Y6,MIRYFTAGESHGPALSAIIDGIPAGVAITKEDIDRELRRRQQGYGRGGRMKIEQDSAEVLSGIRFGKTIGSPIALVIRNRDWENWTDKMAQFSSNEETTEKISIPRPGHADLAGRLKYGFNDIRPVIDRSSARETAARVAAGSLARTFLRQLGIEIGSRVASIGSAEDTGSEGPLRSLLEHGAETLSEAADRSEVRMIGEAAGIEAMASIDRAKEQGDTLGGVIEIFITGVPVGLGSYVQHDRRLDSQLAAAVMAVQAIKGVEIGPAFDNARKPGSEVHDAFTLMKGEGVRRPTNRSGGLEGSMSSGEVIHIRAAMKPISSLQSPLQSFNLDTLEPVLSRFERSDTCAVPAAGVVIEAVVAPVIANALLEKLGGDHMDEIRERLERYREALRSAFTG,0,train
Q3B531,MSQSRYFFTSESVSEGHPDKVADQISDAVLDDFIRQDPNSRVACETFVTTGQVIVGGEVTTTGIVDVQKIARKVITEIGYTKGEYMFEANSCGVLSALHSQSADINRGVDRKEAIADEFDRVGAGDQGMMFGYACTETPELMPAAIQFAQQLVKVLADIRKAGKIMTYLRPDAKSQVTLEYVDEKVARVDAVVVSTQHDPEPAGMSEAEFQEVIKKDIIENVIKKVIPANLLDLNTKFHINPTGRFEIGGPHGDTGLTGRKIIVDTYGGAAPHGGGAFSGKDPSKVDRSAAYASRHVAKNIVAAGLAEKCTVQVSYAIGVARPVSIYINTHGTAMHGLSDEQIQEKAEKIFDLRPLAIIRRFSLDNPQGWCYQETAAYGHFGRDIFPWEKTEKVAELKTAFSLA,0,train
Q3B116,MQKKTLSDITIQGKRVLMRVDFNVPLDGNGEITDDKRIVEALPSIRKVLDNGGRLILMSHLGRPKGKVNPDFSLTPVALRLSELIDTPVIMAGDCIGTEVMQQALALQDGEVLLLENLRFHPEEEANDPEFSRELASLGEIYVNDAFGTAHRAHASTEGITHFVQTAVAGYLIEKELMYLGKALQSPERPFVAILGGSKISGKIDVIDNLFSKVDTVLVGGAMVFTFFKAQGLETGRSLVEDNKTELALELLAKAKSMGVRLILPEDVMAAPEISPDAPFHAVSVDQLAENEMGVDIGPKTAETYRKEILGAKTVLWNGPMGVFEIDNFAGGTIAVAEALAAATAKGATTIIGGGDSAAAVAKAGLADKMTHISTGGGASLEFLEGKELPGIAALNG,0,train
Q3B6G3,MAKESYKRDKPHVNIGTIGHVDHGKTTLTAAITSVLSKKGFAESRAFGDIDKAPEERERGITISTAHVEYQTEKRHYAHIDCPGHADYIKNMITGAAQMDGAILVVAGTDGPMPQTREHILLARQVNVPALVVFLNKVDIADPELLELVEMELRELLTEYGFPGDDIPIIKGSALKALEGDPEGEKAILELMDAVDNYIPEPVRDVDKPFLMPVEDVFSISGRGTVGTGRIERGRIKINEEVEIVGIKDTRKSVVTGIEMFQKLLDEGQAGDNAGLLLRGVDKTELERGMVIAKPGTIKPHTKFKAEVYILKKEEGGRHTPFFTNYRPQFYFRTTDVTGAVTLPEGVEMVMPGDNLSVDVELIAPIAMDEGLRFAIREGGRTVGAGSVTKISE,0,train
Q3B5J6,MNIHEYQGKDILRKFGVAVPKGIVAYSAEEAKQAAEQLFAEQDSPVVVIKAQIHAGGRGKAGGVKLAKSPEEAHEIASQMLGTTLVTHQTGPEGKEVRRLLVEEGMNIDREFYVGITLDRATSNNVLMISTEGGMEIEKVAEETPELLLKIQVDARFGLQGFQAREAAFFLGLEGEQFRNAVSFITALYNAYTSIDAALAEINPLVVTKEGRVLALDAKINFDSNALYRHKDFIELRDISEEDPFEVEASKSNLNYVRLDGNVGCMVNGAGLAMATMDMIQLAGGRPANFLDVGGGASPQTVEEGFKIILSDKNVKAILVNIFGGIVRCDRVAGGIIEAARKIGLNLPVIVRLEGTNADIAQKMLDESGLNLIAADGLKDAAQKVNQALSA,0,train
Q3B2T5,MKRDYYEVLGVSRSADKDEIKKAYRKLALKYHPDKNPDNKDAEDHFKEVNEAYEVLSNDDKRRRYDQFGHAGVGSSAASGGGGGQYGGGADFSDIFSAFNDMFGGGGGGSQRRRAASGIPGVDLKIRLKLTLEEIAKGVEKTIKIKKQVPCKECNGSGSKTGATETCPTCHGAGEVRQASKTMFGQFVNIAACPTCGGEGRIVKDRCPSCYGEGIKQGEVTVKVNVPAGVQEGNYLTLRGQGNSGPRGGAPGDLIVMIEEKPHELFVRNGDDVIYSLAVSFPDLVLGTKVDVPTLEGAVKLTIPAGTQPETMLRIPGHGIGHLRGSGKGDQYVRVNVYVPKELTQQDKDLLRDLRKSPSIAPEAHSAGGAKSFFEKARDIFG,0,train
Q3B126,MLYYLLHYFNSTYNPPGLGVVEYLTFRASAAAITSLLITLLAGPGFIRYLRSRFIEPVKEEAPAEHRKKKDLPTMGGLLIIFSIEVSVLLWSKFDDPHVWLIMLAVLWMGVVGFIDDYRKVVLKVKGGLSPRWKLVAQVALGLVVGIYTSLDPAFSVLMRETSVPFFKNLTIDYGYFYIPVVIFIITALSNAVNLTDGLDGLASGSSAIVVFALGGFAYLAGNAVYATYLSIPFIPGGGEIAVVCMAIVMASVGFLWFNSNPAEIFMGDTGSLALGSAIAVIALLIKQELLLPVLAGVFLLETLSVSVQVLYFKYTRMRFGQGRRIFLMAPLHHHFQLKGWAEQKIVIRFWIITILFFLTSLMTLKLR,0,train
Q3B625,MERKKKKVIVGLSGGVDSSVAACMLVREGYEVLGLHLKVLQEGDGSTVLEPSPMTISSREEFHIPVFTLNLAARFRNEVMDYFKEEYLAARTPNPCMVCNKTIKWRGLLEGAAQLGADMVATGHYARTAFIDGRHRLFAGLDRKKDQSYFLWMLAQEELSRTILPLGGLTKPEVRDLARSFGLTAAEKKESQEICFVPDDDYGSYLESAVPGLHRRVEGGEILDPSGQVIGHHKGYPFYTIGQRRGLGTATGEPLYVTAIDPIGNLVHTGPKSALFSTSVEVSHLNWIGIDPPFAPMEATAKIRYRDHASPCTIIPLGPGPTGVTARIMFKEPKSALTPGQAAVFYRGEEVLGGGIIEGALPMEPHP,0,train
Q3B129,MNILFAGGGTGGHLYPAVAMAAMLKEMVPGVELSFAGTASGIEAGEVPRLGYRLHLIPVRGLKRGRSLSALLSNIGVLTDFAASLFRAAALIRRERPDVVVGTGGFVSAPVLLAAQLLGRKTLIQEQNAFPGLTTRLLSILAREVHVAFREATGYLMKKRGVFLTGNPARSFPQRDSSIGREAFGFDPLLPTLLVFGGSRGARAINNAVLRHLGRLTAGSNLIWQTGALDFGRIEKEVSPGRNLWIGAYIEDMGSAYAAADLVLCRAGASSIAELTNLRKPSVLVPYPHATGDHQRHNARALSGPGAALMIEDRELENPEAIEGVIALLHDRERLQMMGAEAGRLSAPEAARILAGRIIDLAEEH,0,train
Q3B4B8,MKRERSNILNLRMDELKEALAAINEPQWRAAQLHQWLFSHRAGSFDDMTTLSLPLRRKLAESFYIQQPVTEKHDETMEGSPAGATEKLLIQLPDGERVETVLIPGPNRMTACVSAQAGCLLGCSFCATGQMGFRRNLSSGEITGQVWALSDMLQERNREASISNIVFMGMGEPLLNTANVIEAVLNLSTRKYRFSTSQRKITISTVGITPEIDRLADTGLKTKLAVSLHSAIQEKREALMPQAARQYPLDRLRESLIGYASKTGEPVTLAYMLLKGINDSEMDAKRLIRYASGFFCKINLIDYNPIVNIKFEPVCDGTRERFRDILQDAGLQVTIRKSYGTPINAACGQLAADCTGNSDNL,0,train
Q3B595,MYKIVSIPGDGIGPEVVAGALAVIRQITKKHGFEIQVEEHPFGGASYDLHGSMLTDETLNACRDCDAVLLGAVGGPKWENLPHEHKPEAALLKIRRELGLFANLRPAKVYDALVDASSLKADVVRGTDFMVFRELTGGIYFGEPRGFDEKRGWNTMVYEKHEVERIARLAFEAAQKRGSKRVMSIDKANVLEVSQFWRNEVHRVHRDFPDVELSDMYVDNAAMQIVRNPKQFDVIVTGNLFGDILSDIAGMITGSLGMLPSASIGRVHALYEPIHGSAPDIAGKNIANPIATIASVAMMFEHSFCMADISNEIHAAIEGALSEGLRTADIAAPGQKSVSTTEMTEGIIRHLGA,0,train
Q3B5N2,MSQLITIERHILEQQKNFPEATGELTDLLSDVAFAAKLVRREVVRAGLVDILGFAGSTNVQGEEVKKLDLFANDKIINAIGQHGRFAIMGSEENEGIIIPPKNETGSYALLFDPLDGSSNIDVNVSVGTIFSIYRIKSSDPGNASISDCLQKGSEQVAAGYVIYGSSVVMVYTTGHGVHGFTYDPTIGEFLLSHENITTPGSGKYYSINEGSYAQFNDGTKRYLDYIKEEDPATGRPYSTRYIGSLVADFHRNLLTGGVFVYPPTTKHPSGKLRLMYEANPLAFICEQAGGRATDGHRRILDIDPSELHQRTPLYIGSMADVKVAEEFEQGIR,0,train
Q3B6R6,MFDKLQSIKERHLDLERMLADPAAAGDQTRFRRLNKEYSDLKEIVQAYDRYASARQQLEESRHMQKAEEDPEMKAMAREEMLELEERIPGLEQELRILLLPKDEADSRNVIMEIRAGTGGEEAALFAADLMRMYQRYAERQGWRCEVLDYNESSGPGGFREVTLTISGHDVYGTLKYESGVHRVQRVPETETQGRIHTSAASVAVLPEAEEVDVEIRRDDLRFDTYRSGGKGGQNVNKVETAVRITHEPTGLVAACQEERSQLQNKERAMKMLMAKLYDIKLQEQQQERADMRRTMVASGDRSAKIRTYNYPQSRVTDHRIGFTSHGLPHFMQGEIGELIDALKMHDQTERLQEAARA,0,train
Q3B1E7,MLKNDLFLRALKRQPCSRTPIWVMRQAGRYLPEYRAIREKTDFLTLCKTPELAMEVTIQPVELMGVDAAIIFSDILVVNEAMGMDVEIIETKGIKLTPPIRSQADINRLIIPEVQDKLGYVLDAIRLTKKVLDNRVPLIGFSGAAWTLFTYAVEGGGSKNYAFAKKMMYREPKMAHMLLSKISAVISEYVCAQVEAGADAIQIFDSWASALSEDDYREFALPYIKENVQAVKAKYPDVPVIVFSKDCNTILSEIADTGCDAVGLGWGIDIKKARTILGDRVCLQGNMDPTVLYGTPEKIKAEAAKVLRQFGQHTAQSGHVFNLGHGILPDVDPANLKLLVEFVKEESAKYH,0,train
Q3B2H3,MPHKELLEKLQAGQQLTYDETKRCMDGIMAGLFSEEAIIALLTLMQDNGITADAVAGARESIMQRATPIQLDERAVDTCGTGGDSAGTFNISTAAAIIANAAGVSIAKHGNRAVTSRCGSADVLEELGFCIELPPEATEELYGRTGFAYLHAPLYHPSMKAVAAIRKKIGTRTIFNILGPLLNPAGVKRQMVGVFNIELMDLYAEALRKTGSFHALIVHGETDQGQPLDEPSISGITRIIELHNGETATHVVRPGEFHLHEWPLKDIAGGSREENAEIIRKILNGTAPDAHREAAIFASAIACYVGGIANCIDEGVCMAREAISHGTAKRNAEAIIDASRELEARYRRESD,0,train
Q3B594,MNVYYEQDADLGRLQGKNIAVLGYGSQGHAHALNLKDSGMNVCVGLRPDSSSCAKAREAGLRVEPVADAVKWADIVMVLLPDQTQKAVYEAEIAPNMVAGNTLAFGHGFNIHYNQIVPPADVDVIMIAPKSPGHLVRRTYTEGNGVPCLIAVHQDATGEAKKTALAWAKGIGGTKAGVIETNFKDETETDLFGEQAVLCGGSAELIKAGFETLVEAGYPEELAYFECMHELKLIVDLYYEGGLSRMNYSVSDTAEYGGMTRGPRLITSAVKAEMKKVLEEVQDGRFAREFIDECNGGYKNLNRLREENSGHAIEKVGAKLRNMMSWLVRK,0,train
Q3B613,MLGDVLLINDQHKSAAGAILERVLLDIEQLRKNQPGEKFVVAISGESGAGKSELSHSLALLLKGRGIRVKILHTDNYYRVHPLQRREHRIQSNFEAVGVQEYDWEQLHRNIGDFRQGRSVSIPCIDIITEEVDQLFTDFSKIQLLIIDGLYAIRTEGVDLRVFIDLTYHDTKLSQMLRAKEPTDGYRWSVLEREHQHVRSLKPLADLHVDRDFRVFDPAIVRHAPRPWQRRAAHAVTPAG,0,train
Q3B182,MHIAVLGAGSWGTTLAVLLARKGHAVKLWAHRPEFARTLQAERENTRYLKGTLFPDSLEVVGDLDGCIAEAEMIVTAVPSQALRETARAFSSLPFQGKIIVNVAKGIEVGSGMRMTEVLMDELPGLQPGRVAALYGPSHAEEVAREQPTTVVASSPSMETAEAVQEVFHTSRFRVYVNTDIVGVEVAGSVKNIIAIAAGISDGIGFGDNAKAAIITRGMAEISRLALKLGGDPMTISGLSGIGDLVVTCLSRHSRNRFVGEELGRGRSLDDIITHMNMIAEGVLSSKAVYALSSSLGVEMPITQAVYEMLFEAKPVEQAILDLMTREPKPERD,0,train
Q3B2F8,MRIELLNTPVDAVELRIEDQIRPRRMEDFTGQQRLTDNLKVFISAARMRGDALDHVLLSGPPGLGKTTLAHIIAEEMGGSLKATSGPMLDKAGNLAGILTSLQKGDVLFIDEIHRMPPAVEEYLYSAMEDFRIDIMLDSGPSARAVQLKVEPFTLVGATTRSGLLTAPLRARFGISNRFDYYPPELLETILMRSSTILGIGIERDAASEIAGRSRGTPRIANRLLRRARDFAQVDGMEIISRPTAMKTLDSLEIDEEGLDEMDKKIMDAVVNRFSGGPVGVGSLAVSVGEEQDTIEEVYEPYLIQAGYLSRTPRGRVATQRALLRFSDGSSALRGTLFDGQEHV,0,train
Q3B6H6,MKFVDSASIFVQAGEGGRGCVSFRREKFVPKGGPDGGDGGNGGNVWLRTNSHLTTLLDFKYRKKYLAPRGSHGQGSRKSGRKGADIYIDVPCGTLVRNAATQELLADMTGDGEEVMIARGGHGGRGNQHFATSTNQAPRRSEPGWKGEELQLDMELKLMADVGLVGFPNAGKSTLISVLSAARPKIADYPFTTLVPNLGIVRYEEYKSFVMADIPGIIEGAAEGRGLGLQFLRHIERTKILAVLVSADAEDVEAEYQTLVGELEKFGRGLDEKPRILVVTKMDIAPEDFTLPAPGDEVHVLAISSVAGMGLKELKDELWREVSMRDRPEESSDPEGEGDGGTP,0,train
Q3B6M2,MENSIRSLREEIAGFRISSADELEAFRLRYTVRKGLIAGLFSQLKSVDPARRPEIGNMLNQLKAEAEARVEEAALSLEKTTSPAAPTIDLSLPGRRHFTGSEHPVQKVLGEMKQIFSDMGFTVATGPELELGSYNFDMLNFPPDHPARDMQDTFFVKRDGTEDDILLRTHTSPVQVRVMLDRKPPIRVICPGKVYRNEAISARSYCVFHQLEGLYIDKGVTFADLKATIYSFARQMFGSDVQLRFRPSFFPFTEPSAEVDVTCYLCGGKGCRVCKKSGWLEIMGCGMVHPNVMKNAGIDPEVWSGYAFGMGVDRTVLLKYKIDDIRLLFENDLRMLRQFPA,0,train
Q3B121,MPRSPDSYHDPVLLHECVDALVRGPGLYVDGTLGGGGHSMAILRALESGGWLEGSLLVGIDQDDEALHEAGSRLAAYPGRAVAVKGNFQDIARLASREAVQKGLEPRARAILLDLGVSSRQIDRAERGFSYMRTGPLDMRMDSSASTTAADILNDADERELAAIFFRYGEEPRSRAIARAVIAARMKHGPLSSTEDLADIVRSVVHGRQPSIRSLSRVFQALRIAVNRELDVLQRVLEDGVSVLDEGGRIAVISYHSLEDRMVKQYFAAQSKCDWGPKGVGLREPLSRGTLVPVTRKAVVASEDEVRVNPRSRSAKLRVAEKTGGVQ,0,train
Q3B6D6,MIYQMQMPAKIEVDEATHTDQYGRFIAQPLERGYGVTLGNMMRRVLLASLPGTAITGIKVDGVFHEFSSIEGVREDVPEIVLNLKKVRFKSTCKRSCKTTLSIVGPKDFTAGDIVAQEGEFEVLNKDLYIATVNEGSTLNIDVYIGRGRGYTPAEESRPDSMPIGYIAIDAIYTPIRNVKFAVENTRVGQRTDYEKMVLDVETDGSITPDDSISLAGRIINEHVTFFANFSPTEEEFTEEEYKQQDDEFETMRRLLNTKIEDLDLSVRSHNCLRLAEIDTIGDLVSRKEDELLNYKNFGKKSLTELKEQLEKFELKFGMDITRYQMKG,0,train
Q3B5K1,MAALQHLTGLCGMSAGTLSGLLDKTEGFKKELTAPAPSFSPSLQGRRIALVFFENSTRTRFSFELAARNLGASTLGFSASTSSVTKGETLSDTIKNLEAMQVDAFVLRHPSSGSAEFISGITKKPVVNAGDGANEHPTQALLDMFTLREHFGTLKAIKVAIIGDVLHSRVARSNIHGLLTMGAEVGLCSPVTLLPPDSEKLGVSLFTDLDQALGWADAALVLRLQLERATGGYLPSLQEYSVHYGLTDERLERTARHLLVLHPGPINREIEISNRVADRIQPPGYSKSMLLEQVTNGVAVRMAVLQTLLADTP,0,train
Q3B1F5,MPTLKDIRVRIKGVKSTQQVTKAMKMVAAAKLRKAQERAVMARPYAAKLKEMLGSLSGKVDTSASPLLADRADASRVLVVLITSDRGLCGAFNTNIIKLAHRTIHEEYAAAYAAGNVQLICAGTRGFDFFRKRGYSVLKGYPAVFQNLDFSTAREIAETASSMYVKGEVDRVVVVYNEFKSVLAPTLKAEVLLPIKSELPVAEGGDYIYEPSPAAIIEELVPKHLNTQVWGMMLESNAAEQAARMTAMDSATENAKELLRGLNISYNRARQAAITKELSEIVGGADALQN,0,train
Q3B2G4,MSTRQLRGSAVALVTPFHKDLTVDVEALIRLVEFHLEAGTDIIIPCGTTGESPTLTEAEQASIIRTVRDASKGRIIVGAGAGTNATVEAVRLAKNAEAAGAEAILSVAPYYNKPSQEGIYQHYRHVAEAVSVPIIIYNVPGRTGCNVDAATVLRLARDFANITAVKEATDNMQQIAELLDGRPEGFSVLTGEDPLILPFMAMGGDGVISVAANQIPGAIKRLVDSVSEGNLEEARKINRKYRRLLRLNFIESNPVPVKYALTRMGMLEETYRLPLVPLSAASKAEMDRELEILGLI,0,train
Q3B4E2,MLIIDGKKVSLDMKEELKASVESYRSITGKVPGLTVIIVGSDPASEVYVRNKAKTCKEVGMNSSVIELQEDTPEAHLLEVIDSLNRDPAVHGILVQQPLPKQIDEFAVTLAIDPAKDVDGFHPENLGRLVMGHLDKCFVSCTPYGILELIGRYGIETSGKHCVVIGRSNIVGKPMANLMMQKLKESNCTVTVCHSATKDIASYTRQADILIAAIGRAKFVTADMVKQGAVVIDVGINRIEDPTTKSGTRLVGDVDYEGVSAKAAAMTPVPGGVGPMTIAMLLKNTLHSFERANGL,0,train
Q3B2E3,MQIVTDPAEMQATADKLRAGRQLIGVVMTMGALHEGHLSLVNLAREHAGTIIMTLFVNPSQFGPGEDFQRYPRPFEKDAAMARSAGVDYLFAPTPEAMYPEGFQTTVSCSGITRRFEGERRPGHFDGVATIVSKLLNITRPHVAVFGEKDAQQLALIRRINRDLDMGVQIVAAPTVRENDGLAVSSRNIYLTGDERQKAPAIHRAIQHAGEMLAAGENDLKAVAAEVAGMITENTQFKLEYAAFVDEESFEPAETVVKEHEYRLLIAAAAERVRLIDNQKFRV,0,train
Q3B410,MKRVFLFLITNLAVILVLSFSARLLGVDRFLTSNGLDLGMLLAFAALIGFGGSFISLLMSKTMAKWSTGARVILRASNEDESWLLNTVRQLSKKADLAMPEVAIYEGAPNAFATGPSRSKSLVAVSSGLLRSMDRKQVEAVLAHEVAHIQNGDMVTLTLIQGVVNTFVIFLARVFAYALDSFLRRDEDESGSPGIGYWISSIAFEIVFGILASIVVMYFSRKREFRADAGAAALIGDRRPMIEALRALGSIDAGKLPKEMAASGIAGGGMMALFSSHPPLESRIAALESAR,0,train
Q3B5T9,MSQISAKDVKDLRDTTGIGMMDCKKALEETGGDMEKAIEYLRKKGAALAAKRAEKDASEGMICIRVSADRKSGVILELNCETDFVARGEVFTGFAGALGDLALENRTVSTDALLKLRMADAMGGELVDDAIKTMTGKLGEKIDLKRLFFFDAADGLVESYVHPGAQLGAIIHLATDKPEAVAPLAKDLAMQVAAAAPIEVDRSAVPQELIAKESEIYRQQALGQGKKEEFVDKIVLGRLDKYYQEVVLLEQSFIKSNNMKVSAVLDEFRKLLQAAVDVKEFVRYQLGE,0,train
Q3B2S6,MPSISVHAYAKINLGLFITGKRDDGYHNLETIFAPVSWHDTLCFSPADAISMRCTNADLPTDGSNLCIRAARSLQEYAGVGDGVSIELDKQVPFGAGLGGGSSDAATVLRVLNGFWNINATVEDLHPLAVKLGADVPYFLEMEGLAYAGGIGDELTDLHAGLPWHVVTVFPAEHISTAWAYGNFHRRFGQSRPDIRTIAADLSGIGDTGRLELFENDFQSAVFEQFPKVRRVHTDLLEAGAVFASLSGSGSAVYGLFETAMDARRAIERQRASYPTNLTPPGFSMRQ,0,train
Q3B5Y0,MVWFKRVKPFIRTTDRRDVPEGLWSKCEDCGAMLHRRQLEENLNTCNECGHHFRISPYRYFSILFDNEEFTEFDDCLRAADPLTFVDTKKYPDRVHDTIEKSGKTEACRNAFGKSAGADLVISAMDFGFIGGSMGSVVGEKISRAADKAIELNAPLIVISQSGGARMMEGAFSLMQMAKTAARLTRLGENRLPFISLMTDPTMGGISASFAMLGDLNISEPKALIGFAGPRVIRDTIKRDLPEGFQRAEFLQEHGFVDMIVHRKELKQRLAKTLAMMRVEG,0,train
Q3B394,MNKNSQQKAAHVTTRRLYDMKQNGEKISVLTAYDYTMARILDRAGIDVILVGDSASNVFSGHNTTLPITVDELIYHAKGVVRGVQAETSRAMVVVDMPFMSYQLSPEDALRNAGKIMKEHECDAVKMEGGRTIADTVRRITDAGIPVMGHLGLMPQSIYKYGSYKVRAEDPAEAEELLEDAVTLERSGAFAVVLEKIPAGLAAEISRLLSIPTIGIGAGAECDGQVLVVNDILGLNREFHPRFVRQYADLNTVIEQAVRQYVEDVRSGGFPSVDESY,0,train
Q3B5Y2,MKKQDRRPEILVCNDDGIEGEGIHVLAASMKKLGNVTVVAPAEPHSGMSHAMTLGVPLRIREFRRNNRFFGHTVSGTPVDCIKVALSHIMKVKPDLIVSGINYGSNTAMSTLYSGTVAAALEGAIQGVTSLAFSLTTYEHADFTYAGKFARKLARKVLQEGLPEDTILSVNIPNVPEADIQGVRITGQGRSRWSEDAIERNDMYGNPYYWLNGTLMLLDEGMESDEFAVRRNFVTLTPLSCDLTRHGFRSTLEQWKLKK,0,train
Q3B2C7,MTYLAKILKEKRREVAAIKAERPLARYLELRSSLAPARGFQEALRGEDGRLRLIAEVKKASPSRGVIVHDFDPVRIALHYEEIGASALSVLTDRQFFQGSPDYLRAVSAAVRLPVLRKDFIVDESQIFESRLMGADAILLIVAALEPRQLRDYLQTASETGLDVLVEVHDRRELDTAAEEGATMIGVNNRNLKDFSVDPATSSDLRPFFPPDTIAVSESGLKTAGDIAHLRDAGFHAVLIGEGLQTSKELTGLTWPVSHSLS,0,train
Q3B314,MEQMAHPSSTPLLVAEIGNTTAMFAVFSGTDPIDSLQVATAALSSPEAVGELLQPLLARHSLAADAVISSVVPRAGEAAGRWLLDILPGRVLAVDSTLNLPFRISYDPPSALGADRLSLCARCCMLEEEAAVIALDIGTAITFDVLSADRSYLGGLIMPGLELMASALHERTAQLPRVEVSRPERLMGLSTADCIRSGVVWGCVLQVEGLVRKIRGWLRSEHGEGYARVVATGGRAPLIVSMMEMPPLLDPHAVSRGARYLFELNRITVS,0,train
Q3B2Q6,MLAKRIIPCLDVRDGRVVKGINFEGLRDAGSILEQARFYNNELADELVFLDISASLESRRTTLEEVLKVSGEVFIPLTVGGGINSVERAREVFLHGADKVSVNTAAVKEPELISRIAEKYGSQAVVVAIDIKKVDGRYIVHTHSGKQPTAYEALEWALKVQELGAGEILLTSMDRDGTKEGYDNDSLALISTAVHIPVIASGGAGSLEHLYDGFTKGHADAALAASIFHFRQHSIREAKQYLRDRGITVRL,0,train
Q3B3P4,MRNIRLRVEYDGTPYAGWQRQPGGIVTVQGELEACLSRILQERVNLAAAGRTDRGVHALGQVVNFQTASSLELQRIAHSLNCLLPDTIRVDCPQEVDMEFHARFSAAERQYRYFLMEEPSAVFGRFAGCSSRPLDLPLMHSLAVTLKGIHDFSAFSREDRDGTGSLCSVRMAGWYRHRGFLVFHIAANRFLRSMVRGLVGAMMDIGAGRLDPCSFKAMLDADAHARRVRPAAASGLFLSRVVYPDDYGCRKLR,0,train
Q3B5T8,MQYRRILLKLSGEALAGKDGYGINAEMLERFAEEVKEARDMGAEIALVIGGGNIFRGVSDAAKNMDRVQADYMGMLATVINSIAFQDALERLGVYTRLQTAIKMEQMAEPFIRRRAIRHLEKGRVVIFGAGTGNPYFTTDTAASLRAIEIEADVIVKGTRVDGVYDSDPETNPSAEFFPKISYLDVIRKNLRVMDMTAITLCRENTLPIVVMNMNEKGNLSRLIRGEHVGSLVHA,0,train
Q3B287,MLIIPAIDIKDGKCVRLTRGDFSQQKIYLDNPLDMAIIWRKQNAKMLHIVDLDAALTGEMVNFERIRQIVEELDIPVQVGGGIRSADDVKRYLDMGVGRVVIGSAAVTNPELVRELMKTWRASKIVVGIDAVNGVPKIKGWTESANLKDFELAQRMKDMGIERIIYTDITRDGMLQGVGYETTRRFAELAGMKVTASGGVTNSEDLRRLAGLQYCGVDSVIIGKAFYECNFPCQELWYNFEEGICLDHNFSTARKR,0,train
Q3B2D4,MSGHSKWATIKRKKAVTDQKRGSLFTKLVKEITIAAKMGGGDPSGNPRLRLAIDTARSNSMPMDNIQRAVKKGTGELEGVIYDEITYEGYGPAGIALIIETATDNRNRTVADLRHIMSRNNGSLGESGSVSWMFQRKGSLEVPVSAASEEALMEALLEAGLEDLSNDGGETYTVITDVRDLEAAKKALEEQAIAFENAKMDLIPENYIELEAEDARKVIKLIDALEENDDVQAVYSNMEISESAMNSLED,0,train
Q3B6F6,MGQKVNPTGFRLGIIKDWTSRWYDDSPVISGKIKEDHVIRNYVQTRLKREKAGIARIIIERTTKHIKINIYAARPGAVVGRKGEEINNLSQELGRITGKEVKIDVVEVVKPEIESQLIGESIAYQLENRVSFRRAMKMAIQQAMRAGAEGVRIRCAGRLGGAEIARAEQYKEGKIPLHTIRANVDYASVTAHTIAGTIGIKVWVYKGEVLNQRIDAIEEEEMKRIKERRSDSGPRSRNDRSQKRRRRPNDRG,0,train
Q3B5P7,MRLAVNIDHIATLRNARNEGEPDPVAAALLAEESGAAGIVCHLREDRRHIRDNDLKGLRRSVKTKLDLEMAMTEEMQRIAIETVPELITLVPEKREELTTEGGFDIERHFKRLALFIEPIRAAGIEVSLFIEPDSRSIDLAAEAGSDLVELHTGSYALKSGEEQTAEFERIRHAAKYAVDRGLKVVAGHGLNYRNIQPFRQIPEIEEVSIGHALIARAAFVGIPEAVREMLDLIG,0,train
Q3B4A1,MMDGIRIDVLSVIPGFFDSVLDNGLLAIARKKGYADIVVHNLHDYGLGRYRQVDDSPFGGGAGMVLRPEPVFACVEKLQSERCYDAVIFPTPDARPFLQGDANRLSRMKNLMFLCGHYKALDERVRQSLVTMEYSIGDVVLSGGEIPSLLMMDALLRVVPGVLGDSESALTDSFQTGMLDCAYYTRPPEFRGMKVPEVLLSGHHAKIEQWRQENALERTRRLRPDLLGEDVE,0,train
Q3B3A7,MNAIAIIAASGIGKRMQLPGGRSKQLLEIGGFPVIHHTLKAFEDASQVTEVYIATKADNIDLLQDMARSAGFRKVRHVIEGGKERQDSVWNCIRMISDGHSGAGELPDAILVHDGARPFIRPEEIDDIVRLSVESGACVPGNRPKDTIKYIGSDPSCFGATLERSRLMQVQTPQGFRAGMLIDAHHRAAEEGWYATDDAALVERYFPDYPVRIYETGYHNIKITTPEDIPVAEAIYQALL,0,train
Q3B1H4,MAGKNYRAAAAQVDRNMEYDLVDAVAKVKEITNVKFDATVDVAVKLGVDPRHADQVVRGTVMLPHGTGKTVSVLVVCKEAKAAEATEAGADLVGFEEYIEKIQNGWTGVDVIIATPDVMGQLGKVAKILGPRGLMPNPKSGTVTMDVAKAVKEVKAGKIEFRVDKAGNVHAPVGKASFPADQLVTNITSFLKEVMRLKPSAAKGQYVQGIAVSSTMSPGVRIKREKFVA,0,train
Q3B397,MADITIGVVVFPGSNCDHDTMHAVASFEGVKPVMLWHGSHDLQGAKAIILPGGFSYGDYLRAGSIARFSPIMQEVVDAAGKGLPVLGICNGFQVLLESGLLDGALSRNRDKKFLCRDTYIRPVNSNTMFTGLYREDEVLSIPIAHGEGNYFAPPEVIESLEEHDQVVFRYTDREGHVSDEANPNGSVGNIAGIMNRNGNVLGLMPHPERASEKLLGSEDGRRLFASLFRQL,0,train
Q3B181,MMTLLAILAVSYIIGSIPTSIMAGKMLKRIDIRQFGSGNAGGTNAFRVLGWKTGLSVTLIDIAKGVIAAVSVVAFFRMHPIGAYPDINEVALRLLAGMAAVIGHVFTVFAGFKGGKGVSTAAGMLIGIAPVSMLIVIGIFLLTVWLSRYVSVASILAAIAFPLIIAIRKYVFELGGGLDYYIRLFGESFSFHDSLDYHLMIFGLIVALAILYTHRANIRRLISGTENRITFGKSA,0,train
Q3B5A0,MRIHDLDPENRPRERFLSSGPSALSSAELLALVLRSGTRHLNIVDTCQRIIAENGLERLASMTLGELQKTPGIGQAKAMQIVAIFELNNRLHHTRNTNRRVQGAKDVFEYMSGRIPDETQEHLFVLHLNTKNQVTKCVRVTVGTLNASLIHPREVFKSAIRESAHAIILVHNHPSGDTEPSNADRQVTTLLKQASAVIQIDLLDHVIIGKTSWFSFRESNLLG,0,train
Q3B1L6,MEWSESVFDGRRREMVEGLRRSGIMNARVLEAFLEVRRHLFFPESEREHAYDDAAWPIGHGQTISQPYTVAYMTSLLADRVPSGKVLEVGTGSGYQSAILDAMGYRVFTIERVAALYSEALGRFRRFALPVAAKLGDGSEGWPEEAPFNAVLVTAAAPKEPEALLRQLSDNGCLVIPLGGMDVQQMTVITRRGEVFLKERYHEFAFVPLIGREGWEEEQEQS,0,train
Q3B533,MTRIKICGITRMEDARAAALFGADALGFNFSPESPRCVTKDAARTMVCALPPFIEGVGVFVEQDPREIIEICRYCGLSVAQLHGSRYSEEETKLVLEGVRVLKVFRPETDFTPAAVLRFREATGVSAFLFDTYRPGMEGGTGEQMEGSLAERIFSGLPEGCYGVLAGGLNPGNVREAVQSLRPYALDTASGVEESPGIKSHEKMQAFVQAVRAAGER,0,train
Q3B4C0,MRIILLGAPGAGKGTQSNYISKSLAIPQISTGDMLRAAVKAGTPLGLKAKEVMDGGNLVSDDIIMDIIKERLLEHDCKEGCLFDGFPRTIAQAESLDRQGIDIDHVIEIHVDDREIIDRMSGRRVHPASGRTYHIRFNPPQTAGMDDETGEPLVQRADDTEETVKKRLEIYHDQTAPLIEYYSRRAAGAGTGAFAPRYTRIEGTGSVEEIRDRILEALRG,0,train
Q3B286,MVFIADYGAGNLRSVQKAFDYLGIPATVSSDPAKMAGCRKVVLPGVGAFGQAIEALDRLGFTDALSEHVDKGGHLFGICLGMQLMLSDSEEMGSHRGLGLIPGSVRHFQSDSDKIPQIGWNSIDLKQESVLFRGIADHSFFYFVHSYYCDPLEASSIASTTWFAGKNFCSAIEKNGIFAVQFHPEKSSEAGLQVLRNFAEC,0,train
Q3B6G0,MELKVLNTAGAETGEVVTLRDDIFGAEVSEHAIWLDVKSILANKRQGTHKSKTRAEVRGGGRKPYRQKGTGNARQGSTRSPLMIGGGTIFGPTPHGYDQKVNRKVKQLARRSAFSAKAQEGRILIVEDFALAEIKTKPVADMLRNLGLDAKKILMLTPDYNMVIARSGRNIEALNIMTAEKASTYDILNSHTVLFQKTALKKLEETLG,0,train
Q3B6G1,MGAILGKKIGMTRLYNDKREAVPCTIIQAGPCFVTQVKNAEKDGYDAVQIGIGERKEHKVTKPMLGHYKKAGVTPGYMMAEFDASMFDVELAAGSPVSVESFKEGEIVNVLGVSKGKGFAGVVKRHNFGGGSRTHGQSDRLRAPGSVGGSSDPSRTFKGTRMGGRMGSDNVTVRNLQVVKIMAESNLIMVKGSVPGPKNSYVKIVSIKK,0,train
Q3B6X8,MMPMDTVREYLLWNDFLRVCGIDEAGRGPLAGPVVAAAVVFPRWFSPDEGILRRLNDSKKLTPSLRRELAPAIREEAECWAVEAVDHETIDRINILRATMLAMNRAAESLPRQPDLLLIDGNRFTPNIPVPYQTIVGGDALVFSIAAASVLAKTERDRMMEEYAERYPEYGFERNAGYGTREHVEAIRRHGRSPIHRTSFRLRQLGEK,0,train
Q3B622,MTRLGKQFFTAPTLALTERLLGKIFVRITPSGTVLKGRIVETEAYLGHNDEACHAWRKKTERNRVMFEAPGTLYVYFSYGCHHLLNIVTEPEGTAGAVLIRAMEPVEGIPCMQERRQTTVETALMSGPAKLTSALGVERSSSGRDLFGNEFFLLDAPSPQPSMICTSTRVGISRSRELPWRKYLADSPHVSKGRPS,0,train
Q3B4A3,MVKIRLRRAGRKKLPVYQIVAADARAPRDGKFLEVVGHYQPTAKPHVVTLDRERVAYWMQTGAQPTSTVRSLIQKTGLLYELRLKKLGRSEAEVAEEMEKWQEKQAERRQKRLNVKSRRRQLKKEAAAKPAVAEEVAAPVAAAPVAEAPVAEVEVVIAPEVQVEAAVEAVPEAPVAAAEPAPEVKAEEKEEGGEA,0,train
Q3B6D7,MARFRGSITKVSRRLGVALSPKAEKYLERRPFAPGQHGQGRRGKISEYALQLREKQKMKYLYGILEKQFRNYYKKAVSQRGVTGDNLVKLIERRLDNVVFRAGFAPSRAGARQLVSHSHLLVNGRKVNIPSFLVSPGDLIEFRQKSRNMDAVTDALNRAPDARIPAWIQVDKANQKAVFLSVPERVDIQEPYNEQLVVELYSK,0,train
Q3B4Y6,MPEASTSAPRQATVTRKTSETDISATLSLDGTGTSSIQTGVGFLDHMLTSFSRHSRIDLAVICKGDLEVDDHHSVEDVAIVIGSAILQALGSRAGIRRFGSALVPMDESLARAAVDLGGRSFAVVKAEFGRPVIQGMSTEMVGHFFTSIASGLKANIHIAVLDGHNTHHMIEAMFKAFALAMKDAVCIEGGGIPSTKGVL,0,train
Q3B219,MYAYFRGRVVSVLPEEAVLEVSGIAYRFLISTGTSRSLPQAGNEAILYTHLSVREDALQLYGFSSEEEKQLFRLLLLVSGVGPKLALAVLSGLPVAEVHEAILANAPERLFGVTGVGRKTAARIILELRDRILKLSPPGAAATPAGAVQCGIREDATNALLTLGFSRTAAQQAVAGVLEANPGGSVEDVVKSALLAMHNR,0,train
Q3B204,MAEEIERVGRLVVFSAPSGTGKSTIARRVLERFPSMRFSVSATTRPMREGEVDGVNYHFLSKEDFESEIRNGGFIEHEFFFGNHYGTLLQKTREAMAQGTDLLLDLDVKGAMNLKKLFPDSSLLVFLAPPSMDVLKERLQSRKSEDEESLKLRLERARLELGFADRFDTVIINDTLEDAVEAVILAISNFLSTKQTT,0,train
Q3B146,MHLAVFGGTFDPPHNGHLAMALFARELLPADRILISVSDNPLKPACGASDRQRLDMAELLSLEINRTGMNAEVTGWELQQPRPSYTVDLLRFVRSSHPDANLTLIVGEDSYQDFPRWRDPEGIFALADVAVFRRRGEDESDEIAGDSRVRCIAFDAPVSSTMVREFSATGKSLRGLVPETVMQYILSEGLYREA,0,train
Q3B2U9,MILPINTYSDEVLHQKAKPLKGVDADISSLIDSMFESMENASGIGLAAPQVGCSIRLLVLDVSCMKSYEDVPPMVVINPNVLAVRGKNLMEEGCLSVPGVQGDVLRPSEITLKYRDRNFQEHTEEFSGMLARVLQHEIDHLNGTLFVDRMEKRDRRRIQQELDDIAAGLVPADYPIARECSRGGEGPACM,0,train
Q3B6F0,MAQKTETAIPSNSKARFETLYREKVTKALSERFGYKNVMNIPRLQKISINIGVGEAASEPKLLETAIQELAQITGQKPQIRKSKKAISNFKLREGQAIGCRVTLRRKAMYEFFDRFVSLAVPRIRDFRGLSDTSFDGRGNYTIGVREQIIFPEIDIDKIPKICGMDISFVTSAKTDEEAYVLLAELGMPFKKKN,0,train
Q3B2D5,MIVLGIDPGSLSTGYGVVSTDDGRYRLLECGVLRLNPGKSHPARIGEIFEALDCLISRVQPGRLSIETAFVGRNVQSALKLGQVRGAVIALGVHRGLMLHEYAPREVKLAVTGRGGASKEQVAGMVTAMLGLGSVPKPLDVTDAIALALCDMLRNEGNVSLPKAKGSSRRGNGWAEFVKASPDLVVEPLKH,0,train
Q3B144,MSSVIASRRYAYALLSAADEGGFLDDVTAEMEMIGETLAGSRDLVRVLASPLINGDRKTHILEEIFRGRVGERMMRFLSLIARKKRAGILRGIASEFKVLLDEKNGVVNADVTSATELSGEQAKELVNGLAAYTGKHVRARMTLDPEMIGGVSVQIGDTILDGSIRHQLQVLRRTLSVEEA,0,train
Q3B3L6,MKLIIGLGNPESRYNNTRHNIGFDLVDSLAAAFGSSFSSGKGKYLAAKITHRQETLMLIKPTTYMNLSGHAVVAAMNFHKVQKNDILVVCDDLNLPSGTMRLRAKGSAGGQNGLKHIIESLGSDEFARLRIGIRLGEMPPGSFSSFVLGKFSAEERVVMDRTLESCREAVLDFAKNGIEHAMNHYNKSAE,0,train
Q3B5Z5,MNVKDVSQKSEQKMKKAIEAFQHEIASIRTGKATTALLDRVKVEAYGQTMPLRQVGNVGVSDIHTLLVQVWDKSMVAATEKAIRDANLGLNPAAEGQSIRVSIPPLTEERRKEFVKLTRKFGEDSKVSLRNHRRDMIQEIEKLEKEKAISEDDRNRGKKDADDLLHRFEKQVNELIAQKEKEIMEV,0,train
Q3B561,MGVFNEYKRLAAGKLLIASANLLESNFKRTVLMMCEHNPQGSLGFILNRPMEFQVREAVAGFDEVDEPLHMGGPVQSNTVHFLHMRGDLIDGSEQILPGLYWGGDREELGYLLNTGVLKPSEIRFFLGYAGWSAGQLEAEFEEGSWYTADATPAMVFSGEYERMWSRTVRSKGGEYQLIANSPELPGLN,0,train
Q3B6E7,MSRIGKMPIAIGNEAKIEVKGGIITVTGPKGVLDQPMVEEVRIVEEDGKVLVQRINDSKRARAMHGLYRMLVSNMIQGVTTGFTRKLEIAGVGFRAEMKSDLLALTLGYSHMIYFKAPEGIKMETPDQVTVLISGIDKALVGQVAAKIRSFRKPEPYRGKGIKYEGEIIRRKEGKAAGK,0,train
Q3B143,MLTSGNILLAGSLLSPEPGLIFWTTITFVLVLIILKKIAWGPIISALEEREKGIQSSIDRAHGAKEESEAILRQNRELLAKADAEADRVIREGREYAEKIRAEITEKAHQESQKMISAAKEEIEQEKRRALAELRNEVADLAVRGAEKIIRGVLDADVQKKVVDSMIQDLSTNRN,0,train
Q3B2H9,MRIGIGIDVHPFAEGRKLIVGGVDIPSPKGLEGHSDADVLLHAVSDALLGAAALGDIGLHFPNTSAEYKDIDSMILLKHVGRLLTKNGYRTVNVDAMLLLEAPKIAPYVADMRRNIARCLDIDTSLVSVKATTNEKLGYIGREEGAAAHAVCIIETL,0,train
Q3B6G5,MSKKGGYKGVQVDHRYNDESVARFINAVMLDGKKDVATKIVYDAFAIIGEKMVDENPLEVYRRAMSNIAPVVEVRSKRVGGATYQIPMEVKPSRRGALAFRWLKQYATKRGGRSMAEKLAAELMDAASEQGASVKKRDEVHRMADANKAFAHFRF,0,train
Q3B5C9,MAKKQQTRSYTEAIQNRKARYEYQILETIVAGIELLGSEVKSVRLGKASLNESFATIHHDEVWLENMQITPYEFNHLDALEPKRSRKLLLHKEEIRRLQSKINEKGLTLIPLKAFFDKNGRLKVELALAKGKKLYDKRETIKGRENERHLQQLRKQY,0,train
Q3B1F0,MQIKQIEGALSAKDARFALVISRFNDFIGQKLMEGAIDCIRRHGGSEDNITIYRCPGAFELPMVAKKAALTGKYDALITLGAIIRGSTPHFDVVAAEATKGIAQASLETGVPIAFGVLTTENIEQAIERAGTKAGNKGFDAALTAIEMVNLYRNM,0,train
Q3B6M4,MKVILRKDVAALGDAGEVVAVKNGYANNYLIPQGMATRATEGTLKALETEKKQQARKVELQRTSARELAQKIEQMVLKVQAKAGESGKLFGTVTAGDIADALKAVGVEIDRRKITLEAPVKLLGKYEAEAKLFSDVTVKVTFEVEAEGTEA,0,train
Q3B5U2,MSKTLSFKTYSAKPADVERKWYVIDAEGQVLGRMAAEIARVLRGKHKPQFTPHVDTGDFIVVTNAEKVALSGNKENLKTYFSHSHYPGGVRVDSVKDLLRKKPEKIIEHAVWGMLPHNNLGRQLFRKLKVYAGTQHPHEAQAPTEMKIH,0,train
Q3B1H3,MAKKVIGFIKLQIPAGAANPAPPVGPALGQKGVNIMEFCKQFNAKTQSEAGMIIPVVITVFSDKSFTFITKTPPAAVLLLKEAKLQKGSGEPNRNKVGTVTREQVKKIAELKMPDLNAFDLRGAEEMIMGTARSMGIVVEG,0,train
Q3B6F5,MLMPKRVKYRKTQRGRMKGNAGRGTSVAFGSFGLKAIEPAWITSRQIEAARVAMNRYMKRDGKIWIRIFPDKPVSKKAAETRMGSGKGSPEFWVAVVKPGRIMFEADGVPMEVATEAFRLAAKKLPIKTRFIVRPDYEA,0,train
Q3B192,MKPKGRIVGIDYGTKRIGLAMTDPLQLFASPVGTFEPGGLHHELRRIMQGDTVDLAVVGSPVCDDGSGNAMTAVVDRFVEELRAAFPDLRVERVDESHSSREASRILAASGKSRKVRREKGRLDSAAACVLLTRFLEENRG,0,train
Q3B6B4,MERTLTILKPDCVKKQLIGAVINQIERAGFRVVAMKKTRLTKETAGEFYAVHRERPFYGELVDFMSSGPCVPMILEKANAVADFRTLIGATDPAEAAEGTVRKLYADSKGENIVHGSDSAENAAVEAGFFFAAEEVVRSN,0,train
Q3B281,MANNEGIDNSFLDTVKFDAKGLVPAIVQDHETGKVLMMAWMNRESLEMTLERKKACYWSRSRNKLWLKGESSGNMQDVYDILIDCDGDTLILKVSQIGGACHVGYHSCFYRRVLENGNMEICDTLMFDPEEVYGKKS,0,train
Q3B6D8,MATVSRKKKKVKVTPEGVVHIKASFNNIMVTITDVQGNTVSWSSAGKNGFRGSKKNTPYASQVTSEGAAKEAYDLGMRHVDVFIKGPGAGRDAAIRALQGAGLEVRSIKDITPLPHNGCRPPKRRRV,0,train
Q3B6E8,MPVTDSIADYITRIRNAGRAKNKTTDIPYSKLRENISQLLQDKGYIKNFTVITTEKFPFIRIELKYTASGEPSIKEITRVSRPGRRTYEGKDIKKYLGGLGLYILSSSKGVITDKEAREQGVGGEILFRIY,0,train
Q3B6G6,MPTIQQLIRHGRSVKVSKTASPALEKCPQKRGVCTRVYTTTPKKPNSALRKVARVRLSNKIEVTAYIPGEGHNLQEHSIVLIRGGRVKDLPGVRYHIVRGTLDTSGVSDRKQSRSKYGAKQPKAVAAKK,0,train
Q3B1H6,MSIETLVEEIGKLTLTEASELVKSLEEKFGVSAAPAVVAGVAAAAPAAAAAEEQTEFDVVLTAAGESKINVIKVVRAITGLGLKEAKDMVDGAPKTVKEAVSKDEAEKLMKELKDAGASVELK,0,train
Q3B6D9,MRIAGVNLPLNKHAVIALTHVYGIGNTTAKTILKRAGIAPDRKISDLNDAEAHAIRELVAEEYKVEGQARGEQQLAIKRLMDIGCYRGLRHRRSLPVRGQNTQTNARTRKGKRKTVAGKKKAARK,0,train
Q3B2G2,MNVPAALRYTKDHEWIQLLDDGATALVGITDFAQSELGDIVFVELKPAGTALKEHEIFGTVEAVKTVADLFAPVAGEILEVNAGLDSAETVNQDPYGSGWMVKMKLADPASVANLLDAAAYRELIGG,0,train
Q3B6F2,MIQKETNLVVADNSGAKKVRCIHVFGGTGRRYASLGDQVIVSVKAAVPGGVVKKKEVCKAVVVRCVKEQRRKDGSYIRFDENAVVLLNAQGEPRGTRIFGPVARELRDRRYMKIVSLAPEVL,0,train
Q3B6F7,MQAKAILRHTPTSPRKMRLVAGLVRGKAVDQAKAILLNSTKAASRNALQTLKSAVANYAQLNPDERVGDQELFVKSVFVDEGATLKRMLPAPMGRAYRVRKRSNHLTIIVDKVKNPETK,0,train
Q3B6E6,MSKIDKASRRQKIKDRSRFSVAGTQEKPRLCVYRSLSQIYAQLIDDSGKKTIMAVSSMSKENKELKGSKTEVCHRVGKQIAEKALANGITNVVFDRNGFRYHGRIKALADGAREAGLIF,0,train
Q3B6M1,MPKANNAVASKARRKRVLKKAKGYWGSRGNILTVVKHAVDKGEQYAYRDRRAKKRSFRSLWIIRINAAARLNGTTYSRLMDAMIKKNVEIDRKTMAEIAVRDPEAFTQLVKTIID,0,train
Q3B6G2,MAVQQKIRIKLKSYDHSLVDKWALRIIDVVKQTDAIIFGPIPLPTKSHVYTVNRSPHVDKKSREQFSFASHKRLIEIINPTSRTIDMLMKLELPSGVDVEIKS,0,train
Q3B6F8,MPRSLKKGPFIDIKLEKRILDMNSRSEKKVLKTWSRSTMISPDFVGHTIAVHNGKTHVPVYVSDNMVGHKLGEFAPTRTFRGHAGGKAEKGGSAPKRK,0,train
Q3B606,MSVTRKDVDYIAELARLSFTDEEASRMTDELNSILHYVEKLGELDTEGVLPLSNIHDQKNVLRDDVERPSISNAEALQNAPDRQDRFFKVPKVIG,0,train
Q3B218,MPLHKSAEKRLRQSERRNARNRARKKELKTLIKNMQKLIEARAAKSEVESAYRSAVQKLDRLGVKSYIHANKASRKKSQLTRLFNGYAEAE,0,train
Q3B6E9,MAKKSVIARNEKRKRLVEQYAAKREELLKAGDYEALRKLPRDSSATRVRNRCVLTGRGRGVYEKFGLCRHMFRKLALEGKIPGVKKASW,0,train
Q3B202,MTLSKEHKAAVITQFGGNDKNTGKTEVQVALFSRRITELTGHLQQHPKDKHSRRGLLMIVGKRKKALKYLQQVNIARYRQVLADLDLRK,0,train
Q3B2R5,MAHKKGGGSTKNGRDSNPKYLGVKAAGGSTVSAGTIILRQRGTVIKPGTNAGIGRDHTIFSLVDGVVTFRNGRNNKKQVDILPS,0,train
Q3B6E0,MAKEEAIEIEGVILEALPNAQFKVKLENSLEVLAHVSGKIRMHYIRILPGDKVKVQISPYDISKGRITYRYK,0,train
Q3B6M0,MPKMKSHRGACKRFKATASGKIKRERMNGSHNLEKKNRKRTRRLHQSTMLDNATKEKQIKRMILA,0,train
Q3B6K6,MANPKAKMSKSRRDKRRAQFNARTKAATTVICPNCGEPTLPHRACRHCGQYRGRAVVTKSANS,0,train
Q3B373,MAKGKENRIVITLECTEAKKEGKTVSRYSTTKNKKNTTDRLVLKKYNPNLQRHTLHKEIK,0,train
1DOI_1,PTVEYLNYEVVDDNGWDMYDDDVFGEASDMDLDDEDYGSLEVNEGEYILEAAEAQGYDWPFSCRAGACANCAAIVLEGDIDMDMQQILSDEEVEDKNVRLTCIGSPDADEVKIVYNAKHLDYLQNRVI,1,test
1NWZ_1,MEHVAFGSEDIENTLAKMDDGQLDGLAFGAIQLDGDGNILQYNAAEGDITGRDPKQVIGKNFFKDVAPCTDSPEFYGKFKEGVASGNLNTMFEYTFDYQMTPTKVKVHMKKALSGDSYWVFVKRV,1,test
1TJO_1,MSTQKNARATAGEVEGSDALRMDADRAEQCVDALNADLANVYVLYHQLKKHHWNVEGAEFRDLHLFLGEAAETAEEVADELAERVQALGGVPHASPETLQAEASVDVEDEDVYDIRTSLANDMAIYGDIIEATREHTELAENLGDHATAHMLREGLIELEDDAHHIEHYLEDDTLVTQGALE,1,test
2B5W_1,MKAIAVKRGEDRPVVIEKPRPEPESGEALVRTLRVGVCGTDHEVIAGGHGGFPEGEDHLVLGHEAVGVVVDPNDTELEEGDIVVPTVRRPPASGTNEYFERDQPDMAPDGMYFERGIVGAHGYMSEFFTSPEKYLVRIPRSQAELGFLIEPISITEKALEHAYASRSAFDWDPSSAFVLGNGSLGLLTLAMLKVDDKGYENLYCLGRRDRPDPTIDIIEELDATYVDSRQTPVEDVPDVYEQMDFIYEATGFPKHAIQSVQALAPNGVGALLGVPSDWAFEVDAGAFHREMVLHNKALVGSVNSHVEHFEAATVTFTKLPKWFLEDLVTGVHPLSEFEAAFDDDDTTIKTAIEFSTV,1,test
2CC6_1,MVFKKVLLTGTSEESFTAAADDAIDRAEDTLDNVVWAEVVDQGVEIGAVEERTYQTEVQVAFELDGSQ,1,test
3IBM_1,MSLSSGEHEASRVLRERDYRWEGTEEEAYKAEGTHFSGARRQTLVGRPAGQEAPAFETRYFEVEPGGYTTLERHEHTHVVMVVRGHAEVVLDDRVEPLTPLDCVYIAPHAWHQIHATGANEPLGFLCIVDSDRDRPQRPDADDLARMCADPAVARRIRTEGHHHHHH,1,test
1ITK_1,MAETPNSDMSGATGGRSKRPKSNQDWWPSKLNLEILDQNARDVGPVEDDFDYAEEFQKLDLEAVKSDLEELMTSSQDWWPADYGHYGPLFIRMAWHSAGTYRTADGRGGAAGGRQRFAPINSWPDNANLDKARRLLLPIKQKYGQKISWADLMILAGNVAIESMGFKTFGYAGGREDAFEEDKAVNWGPEDEFETQERFDEPGEIQEGLGASVMGLIYVNPEGPDGNPDPEASAKNIRQTFDRMAMNDKETAALIAGGHTFGKVHGADDPEENLGPEPEAAPIEQQGLGWQNKNGNSKGGEMITSGIEGPWTQSPTEWDMGYINNLLDYEWEPEKGPGGAWQWAPKSEELKNSVPDAHDPDEKQTPMMLTTDIALKRDPDYREVMETFQENPMEFGMNFAKAWYKLTHRDMGPPERFLGPEVPDEEMIWQDPLPDADYDLIGDEEIAELKEEILDSDLSVSQLVKTAWASASTYRDSDKRGGANGARLRLEPQKNWEVNEPEQLETVLGTLENIQTEFNDSRSDGTQVSLADLIVLGGNAAVEQAAANAGYDVEIPFEPGRVDAGPEHTDAPSFDALKPKVDGVRNYIQDDITRPAEEVLVDNADLLNLTASELTALIGGMRSIGANYQDTDLGVFTDEPETLTNDFFVNLLDMGTEWEPAADSEHRYKGLDRDTGEVKWEATRIDLIFGSNDRLRAISEVYGSADAEKKLVHDFVDTWSKVMKLDRFDLE,1,test
2AZ3_1,GSHMTDHDERTFVMVKPDGVQRGLIGDIVTRLETKGLKMVGGKFMRIDEELAHEHYAEHEDKPFFDGLVSFITSGPVFAMVWEGADATRQVRQLMGATDAQDAAPGTIRGDYGNDLGHNLIHGSDHEDEGANEREIALFFDDDELVDWDRDASAWVYEDLADHD,1,test
2J5K_1,MTKVSVVGAAGTVGAAAGYNIALRDIADEVVFVDIPDKEDDTVGQAADTNHGIAYDSNTRVRQGGYEDTAGSDVVVITAGIPRQPGQTRIDLAGDNAPIMEDIQSSLDEHNDDYISLTTSNPVDLLNRHLYEAGDRSREQVIGFGGRLDSARFRYVLSEEFDAPVQNVEGTILGEHGDAQVPVFSKVRVDGTDPEFSGDEKEQLLGDLQESAMDVIERKGATEWGPARGVAHMVEAILHDTGEVLPASVKLEGEFGHEDTAFGVPVRLGSNGVEEIVEWDLDDYEQDLMADAAEKLSDQYDKIS,1,test
1CNO_1,AGDIEAGKAKAAVCAACHGQNGISQVPIYPNLAGQKEQYLVAALKAYKAGQRQGGQAPVMQGQATALSDADIANLAAYYASNPAAAA,1,test
1NML_1,DNLMERANSMFEPIPKYPPVIDGNELTQAKVELGKMEFFEPRLSSSHLISCNTCHNVGLGGDDELPTSIGHGWQKGPRNSPTVFNAVFNAAQFWDGRAADLAEQAKGPVQAGVEMSSTPDRVVATLKSMPEYIERFEDAFPGQENPVTFDNMAVAIEAYEATLITPEAPFDKYLRGDTSALNESEKEGLALFMDRGCTACHSGVNLGGQNYYPFGLVAKPGAEILPEGDKGRFSVTETASDEYVFRASPLRNIELTAPYFHSGAVWSLEEAVAVMGTAQLGTELNNDEVKSIVAFLKTLTGNVPEVTYPVLPPSTANTPKPVDMIP,1,test
2VPN_1,DNWRYAHEEYEGDVQDVFAQAFKGYVEDNSDHTVQVYRFGELGESDDIMEQTQNGILQFVNQSPGFTGSLIPSAQIFFIPYLMPTDMDTVLEFFDESKAINEMFPKLYAEHGLELLKMYPEGEMVVTADEPITSPEDFDNKKIRTMTNPLLAETYKAFGATPTPLPWGEVYGGLQTGIIDGQENPIFWIESGGLYEVSPNLTFTSHGWFTTAMMANQDFYEGLSEEDQQLVQDAADAAYDHTIEHIKGLSEESLEKIKAASDEVTVTRLNDEQIQAFKERAPQVEEKFIEMTGEQGQELLDQFKADLKAVQSESEG,1,test
3IFV_1,MFKAIVSAATLRDALDSVSVLVDECKIRLNEESLSIRAVDPANVGMVDLTLDAAAFESYEAHGGVIGVNLSRLEEVAGMAGAGDLIHLTLDEETRKLNIRIDGLSYTLALIDPDSIRQEPDIPDLDLAANIVLEGTHLDRGIKAADMVSDHIRLRVDGAEETFHIEAEGDTDDVDLSLPPADLISIEAGAADSLFSLDYLKDMNKAIPTDAEVTVELGEEFPVKLHYQIAEGMGTITYMLAPRIQSD,1,test
3IGN_1,MEQLAKLSMTDRLTGLLNRGTWENLVDAEYERFRRYGQATSLVMFDIDHFKPVNDTYGHLAGDEVIRHTADVTRNNIRQSDSAGRYGGEEFGIILPETDAESARVICERIREAIEKSTVSTSAGDIQYTVSMGIAQLTETPENYMQWMQKADEALYKAKESGRNKVVVSLEHHHHHH,1,test
3BSM_1,MSLKIRDAYTIVTCPGRNFVTLKIVTESGTHGIGDATLNGREMAVAAYLDEHVVPALIGRDAGRIEDTWQYLYRGAYWRRGPVTMTAIAAVDMALWDIKAKAAGMPLYQLLGGKSRERVMTYAHCTGQTIEDCLGEVARHVELGYRAVRVQSGVPGIETTYGVAKTPGERYEPADSSLPAEHVWSTEKYLNHAPKLFAAVRERFGDDLHVLHDVHHRLTPIEAARLGKAVEPYHLFWLEDCVPAENQESLRLIREHTTTPLAIGEVFNSIHDCRELIQNQWIDYIRMPLTHGGGITAMRRVADLASLYHVRTGFHGPTDLSPVCLGAAIHFDTWVPNFGIQEHMPHTDETDAVFPHDYRFEDGHFLAGESPGHGVDIDEELAAKYPYERASLPVNRLEDGTLWHWEGHHHHHH,1,test
1FXA_1,ATFKVTLINEAEGTKHEIEVPDDEYILDAAEEQGYDLPFSCRAGACSTCAGKLVSGTVDQSDQSFLDDDQIEAGYVLTCVAYPTSDVVIQTHKEEDLY,0,test
1MZU_1,MPDRTTDDFGPFTEQIRGTIDGMGTAEFDALPVGAIQVDGSGVIHRYNRTESRLSGRIPERVIGRNFFTEVAPCTNIPAFSGRFMDGVTSGTLDARFDFVFDFQMAPVRVQIRMQNAGVPDRYWIFVRK,0,test
2VXX_1,MTTSALPRQAFGEMADTVILLEKATTTPICEGMNRLLASFQALYLQYQKHHFVVEGAEFYPLHQFFQDCYEQVQDHVHALGERLNGLGGVPVAGFQQLAALCCFTPEPEGAFNCRQMLSNDLQAEQAIIGVLRQQATQAESLGDRATAYLYDQILLKTEERAYHIGHFLANDSLKVLKVKLADGREHHHHHH,0,test
2CD9_1,MKAIIVKPPNAGVQVKDVDEKKLDSYGKIKIRTIYNGICGTDREIVNGKLTLSTLPKGKDFLVLGHEAIGVVEESYHGFSQGDLVMPVNRRGCGICRNCLVGRPDFCETGEFGEAGIHKMDGFMREWWYDDPKYLVKIPKSIEDIGILAQPLADIEKSIEEILEVQKRVPVWTCDDGTLNCRKVLVVGTGPIGVLFTLLFRTYGLEVWMANRREPTEVEQTVIEETKTNYYNSSNGYDKLKDSVGKFDVIIDATGADVNILGNVIPLLGRNGVLGLFGFSTSGSVPLDYKTLQEIVHTNKTIIGLVNGQKPHFQQAVVHLASWKTLYPKAAKMLITKTVSINDEKELLKVLREKEHGEIKIRILWE,0,test
2V18_1,GKVYKKVELVGTSEEGLEAAIQAALARARKTLRHLDWFEVKEIRGTIGEAGVKEYQVVLEVGFRLEET,0,test
3KGZ_1,MSLRAQTAPGRWDGVAVMPYKQTAEAPFQDVSRQLLFADPNLACEWRYFEVDEGGYSTLERHAHVHAVMIHRGHGQCLVGETISDVAQGDLVFIPPMTWHQFRANRGDCLGFLCVVNAARDRPQLPTADDLAELRKDERIADFIRTGGEGHHHHHH,0,test
5SX3_1,MSNEAKCPFHQAAGNGTSNRDWWPNQLDLSILHRHSSLSDPMGKDFNYAQAFEKLDLAAVKRDLHALMTTSQDWWPADFGHYGGLFIRMAWHSAGTYRTADGRGGAGEGQQRFAPLNSWPDNANLDKARRLLWPIKQKYGRAISWADLLILTGNVALESMGFKTFGFAGGRADTWEPEDVYWGSEKIWLELSGGPNSRYSGDRQLENPLAAVQMGLIYVNPEGPDGNPDPVAAARDIRDTFARMAMNDEETVALIAGGHTFGKTHGAGPASNVGAEPEAAGIEAQGLGWKSAYRTGKGADAITSGLEVTWTTTPTQWSHNFFENLFGYEWELTKSPAGAHQWVAKGADAVIPDAFDPSKKHRPTMLTTDLSLRFDPAYEKISRRFHENPEQFADAFARAWFKLTHRDMGPRARYLGPEVPAEVLLWQDPIPAVDHPLIDAADAAELKAKVLASGLTVSQLVSTAWAAASTFRGSDKRGGANGARIRLAPQKDWEANQPEQLAAVLETLEAIRTAFNGAQRGGKQVSLADLIVLAGCAGVEQAAKNAGHAVTVPFAPGRADASQEQTDVESMAVLEPVADGFRNYLKGKYRVPAEVLLVDKAQLLTLSAPEMTVLLGGLRVLGANVGQSRHGVFTAREQALTNDFFVNLLDMGTEWKPTAADADVFEGRDRATGELKWTGTRVDLVFGSHSQLRALAEVYGSADAQEKFVRDFVAVWNKVMNLDRFDLA,0,test
3B54_1,MGHHHHHHMSSQTERTFIAVKPDGVQRGLVSQILSRFEKKGYKLVAIKLVKADDKLLEQHYAEHVGKPFFPKMVSFMKSGPILATVWEGKDVVRQGRTILGATNPLGSAPGTIRGDFGIDLGRNVCHGSDSVDSAEREINLWFKKEELVDWESNQAKWIYE,0,test
1Y6J_1,MEMVKSRSKVAIIGAGFVGASAAFTMALRQTANELVLIDVFKEKAIGEAMDINHGLPFMGQMSLYAGDYSDVKDCDVIVVTAGANRKPGETRLDLAKKNVMIAKEVTQNIMKYYNHGVILVVSNPVDIITYMIQKWSGLPVGKVIGSGTVLDSIRFRYLLSEKLGVDVKNVHGYIIGEHGDSQLPLWSCTHIAGKNINEYIDDPKCNFTEEDKKKIAEDVKTAGATIIKNKGATYYGIAVSINTIVETLLKNQNTIRTVGTVINGMYGIEDVAISLPSIVNSEGVQEVLQFNLTPEEEEALRFSAEQVKKVLNEVKNL,0,test
1ETP_1,AGDAEAGQGKVAVCGACHGVDGNSPAPNFPKLAGQGERYLLKQLQDIKAGSTPGAPEGVGRKVLEMTGMLDPLSDQDLEDIAAYFSSQKGSVGYADPALAKQGEKLFRGGKLDQGMPACTGCHAPNGVGNDLAGFPKLGGQHAAYTAKQLTDFREGNRTNDGDTMIMRGVAAKLSNKDIEALSSYIQGLH,0,test
3HQ6_1,MKQLSVSLAILCAVATSEAFAADELQQRAQGLFKPVPAKAPTLKGNPASPVKVELGKMLYFDPRLSASHLISCNTCHNVGLGGGDLQATSTGHGWQKGPRNAPTVLNSVFNTAQFWDGRAKDLAEQAKGPVQASVEMNNTPDQVVKTLNSIPDYVALFKKAFPGEKDPVTFDNMAKAIEVFEATLITPDSPFDQYLKGKKKALDGKQTAGLKLFLDKGCVACHGGLNLGGTGYFPFGVVEKPAENILPLGDKGRFAVTNTAKDEYVFRAPSLRNVAITYPYFHSGVVWSLKEAVAVMGSAQFGIKLSDDESEAIAAFLGSLTGKQPKVVYPIMPASTDATPRPRL,0,test
3FXB_1,ASWSHPQFEKIEGRDTWRYAFEEAMTDVQGVYAQKFKEEIEANSDHEIQLFPYGTLGESADIMEQTQDGILQFVDQSPGFTGSLIPEAQVFFVPYLLPTDQDHLARFFKESKAINDMFKPLYADQGLELLNMFPEGEVAMTTKTPVTTCSDLDEVKFRVMTNPLLVESYKAFGATPTPLPWGEVYGGLQTNVIQGQENPTFFLYSTKIYEVTDYITYAGHNNFTTAVMANKDFYDGLSAEDQQLVQNAALAAYDHTVVYQQQAADTELAKIMEAKPEMQVTVLTDEQRSCFKEAAAEVEAKFIEMTGDSGAAILKQMKADLAATAN,0,test
1RWZ_1,MIDVIMTGELLKTVTRAIVALVSEARIHFLEKGLHSRAVDPANVAMVIVDIPKDSFEVYNIDEEKTIGVDMDRIFDISKSISTKDLVELIVEDESTLKVKFGSVEYKVALIDPSAIRKEPRIPELELPAKIVMDAGEFKKAIAAADKISDQVIFRSDKEGFRIEAKGDVDSIVFHMTETELIEFNGGEARSMFSVDYLKEFCKVAGSGDLLTIHLGTNYPVRLVFELVGGRAKVEYILAPRIESE,0,test
3I5C_1,RMKQLEDKVEELLSKNYHLENEVARLKKLVNSDGLTGLSNRRHFDEYLEMEWRRSLREQSQLSLLMIDVDYFKSYNDTFGHVAGDEALRQVAGAIREGCSRSSDLAARYGGEEFAMVLPGTSPGGARLLAEKVRRTVESLQISHDQPRPGSHLTVSIGVSTLVPGGGGQTFRVLIEMADQALYQAKNNGRNQVGLMEQPVPPAPAG,0,test
2QJJ_1,MKITAARVIITCPGRNFVTLKIETDQGVYGIGDATLNGRELSVVAYLQEHVAPCLIGMDPRRIEDIWQYVYRGAYWRRGPVTMRAIAAVDMALWDIKAKMAGMPLYQLLGGRSRDGIMVYGHANGSDIAETVEAVGHYIDMGYKAIRAQTGVPGIKDAYGVGRGKLYYEPADASLPSVTGWDTRKALNYVPKLFEELRKTYGFDHHLLHDGHHRYTPQEAANLGKMLEPYQLFWLEDCTPAENQEAFRLVRQHTVTPLAVGEIFNTIWDAKDLIQNQLIDYIRATVVGAGGLTHLRRIADLASLYQVRTGCHGATDLSPVTMGCALHFDTWVPNFGIQEYMRHTEETDAVFPHDYWFEKGELFVGETPGHGVDIDEELAAKYPYKPAYLPVARLEDGTMWNW,0,test
